event_id,predicted_risk,high_risk_probability
0,-7.332544300886634,0.019193389232841373
1,-7.750724018158941,0.1006493279429198
2,-6.001,0.007889166704366806
3,-7.814989204070441,0.007328895638925198
4,-7.004156680598059,0.0070593403942192275
5,-6.711906627892994,0.00526426428081607
6,-6.862847853462538,0.009385889054685036
7,-7.319035157507361,0.0033093676946855818
8,-6.411032075541196,0.5762245780606781
9,-11.016347718872323,0.015460235126006234
10,-6.716491473275258,0.04731951638712435
11,-6.394552601066543,0.22444966384046414
12,-8.407505376159065,0.006775169588033181
13,-7.838595805278636,0.024488850211797614
14,-7.523481398925632,0.007883135679896309
15,-7.587584674310418,0.0021134020394182203
16,-7.9886819838328655,0.016667178261297433
17,-6.522925421732252,0.06564783422018677
18,-6.608669258135669,0.020595148581595196
19,-17.104396228268065,0.005992465559036747
20,-7.810471579449972,0.005719149726579648
21,-12.600173668942478,0.05094382062889418
22,-6.838995828701607,0.005401902291169771
23,-7.064588833840848,0.008756910714710825
24,-6.001,0.0063235968860294875
25,-8.574465209988247,0.011269678148551487
26,-6.241713222394499,0.00726384558335386
27,-7.805472757053407,0.004111845443501263
28,-7.497164843570413,0.012894898775507887
29,-6.986641019786629,0.13325081049822438
30,-13.747034469378878,0.06875198543531318
31,-8.180377720386058,0.0028845855280756573
32,-6.516585065985282,0.09192609908799305
33,-10.142536750653033,0.005559691006441011
34,-6.695859737976182,0.008249516988178303
35,-7.60499546954416,0.006927012770810838
36,-6.906038005521696,0.01407887989754643
37,-7.914445899581967,0.009019849258077238
38,-7.499496865982016,0.042378267745239145
39,-8.559667007797495,0.023966435215891178
40,-7.146396717180346,0.002966013897398356
41,-8.07561234444499,0.008703288399776268
42,-6.0,0.6008613483025316
43,-7.80849576339688,0.008178364311050625
44,-7.678858335846618,0.008267313731761471
45,-6.001,0.05082244301481193
46,-8.288022831333148,0.006034996918307826
47,-10.663283026743379,0.004508178085109276
48,-8.043826516890734,0.00940571705180815
49,-6.942812303059421,0.008297930582499754
50,-5.425566122940852,0.9450394755467384
51,-7.732790372863345,0.007360330473671821
52,-7.449555956341445,0.03162386217665484
53,-8.591430354161396,0.02231684457442707
54,-7.896561786669016,0.0168839473300344
55,-7.7647371335317255,0.03073155301489504
56,-7.123710792206545,0.01802908624717816
57,-6.903131855042735,0.0144785401121223
58,-7.210722166568651,0.009397052304528026
59,-7.818254367213816,0.00909362309773801
60,-7.140624113679046,0.021809312621484875
61,-7.532788985418881,0.008080781184376206
62,-7.1822939156888035,0.007229477825083289
63,-6.588360397463994,0.013976762081140579
64,-7.194951657169507,0.00789949425688196
65,-7.927139275377242,0.008627093469931296
66,-7.2434409528717065,0.028150562749906644
67,-8.896852217995288,0.02239001964812451
68,-7.646004969227934,0.005549192230148076
69,-7.282930055937578,0.006868355772682631
70,-5.616410963187835,0.8583993110142055
71,-7.174085805485758,0.01715077328635086
72,-7.87704139037067,0.06901293266291653
73,-7.996340531940433,0.005965982473649735
74,-6.558076259611388,0.2034955367741775
75,-5.812202244199062,0.8848876840339643
76,-7.846305677562901,0.004003408115596657
77,-4.977163186708692,0.8957848643838685
78,-7.788343086816807,0.004319058589144156
79,-6.635097094411283,0.14312443363677757
80,-6.678459096569266,0.07327983434407048
81,-7.337354126580693,0.02238550033766565
82,-6.001,0.031463727953951685
83,-9.133126792806163,0.012031178710082297
84,-7.29104085693688,0.015464460883686961
85,-8.458723380867124,0.0518635279799632
86,-8.293518090293,0.017573893359877787
87,-6.001,0.0770088772052471
88,-12.976968048555438,0.007526329618534978
89,-8.778646082518385,0.006334261209936435
90,-8.20110198780742,0.00632590629608333
91,-7.070591015028258,0.018951331379754875
92,-6.69762625280862,0.008480558684822176
93,-19.404614152081535,0.007924606934329276
94,-8.35365476414049,0.01474122916314903
95,-7.9179427612450395,0.004305583530630389
96,-6.415133454751887,0.15851962052818885
97,-5.494389179112785,0.8585994321988074
98,-5.6766268914994376,0.9344117609239585
99,-7.762053455563379,0.010191026073055276
100,-6.883868155157342,0.11241405805367355
101,-6.126522367453804,0.0075733206983946005
102,-15.215893674443357,0.023111103578496207
103,-6.445750258429416,0.006952080120860451
104,-7.808435813239814,0.00642749945818341
105,-7.434323274791513,0.04867688024593001
106,-7.109744208225132,0.007535881400978339
107,-4.252960896286919,0.9475975217013868
108,-6.694591134901369,0.3514906140450408
109,-6.0,0.8287114734898063
110,-6.001,0.009157347957531023
111,-7.411024228782427,0.006706943073623952
112,-7.536214988906284,0.025255493008437924
113,-8.398731519683075,0.008317685831484335
114,-5.73162547909273,0.8558447751825995
115,-9.141376268661507,0.01726188190239411
116,-7.512424579184241,0.00944600920426655
117,-5.800764838343715,0.641368867305215
118,-15.60945381742567,0.024159307565875796
119,-7.002309235030173,0.006662792215637643
120,-7.527839512711701,0.016532600299965363
121,-7.5490322538312835,0.0213673483795338
122,-7.587614928626023,0.0040553219724234245
123,-7.359838742431119,0.004960833939633015
124,-6.001,0.011036313308171381
125,-9.020675195845428,0.027759822292242015
126,-6.152694224778466,0.00960180667167607
127,-6.48124106746417,0.008889846410433265
128,-8.199019913343884,0.03245990264699249
129,-7.549178963524517,0.03009410505053623
130,-6.463514117409835,0.010414057017723724
131,-7.134604340041845,0.010324879690011222
132,-8.341220024583047,0.007305613501723768
133,-7.9313130105553915,0.017256804054142934
134,-6.997911391311121,0.032249772573941245
135,-7.670274864531064,0.015969382522079995
136,-6.75961509083379,0.007341065618817473
137,-7.5788059670713155,0.010260805166723435
138,-16.379109972019407,0.015191674379489756
139,-8.73723019688509,0.013233625603527439
140,-6.979305797494101,0.002801478687624614
141,-8.02532115784007,0.008649258828888177
142,-14.434929502417987,0.03149306545017027
143,-6.001,0.006239586226718533
144,-8.772453612347835,0.013491398947983872
145,-7.745561223760892,0.007931783800821546
146,-5.968566761468488,0.7289242556978056
147,-7.319235660933803,0.007419491048940937
148,-7.36188470371251,0.01032775108324464
149,-7.604005416712988,0.004902611601204607
150,-7.352800518452894,0.019829660158560376
151,-7.580276847227337,0.034333049714567396
152,-6.394016277390502,0.008087636466693525
153,-7.037322784910368,0.029220058690895445
154,-6.082186153776114,0.011251963329329193
155,-5.169443504646461,0.8362228638719945
156,-7.369117962808065,0.08475807857747629
157,-8.128388141676709,0.03252684286180973
158,-6.980119673780695,0.007099218182120402
159,-6.6870640268969765,0.02816151189971831
160,-8.864664155098557,0.011313923603588714
161,-9.226493945042161,0.012232765609228646
162,-6.565101653981084,0.17469053257804218
163,-7.197615036554407,0.016195407187234983
164,-7.2192969667617355,0.018947742294695404
165,-7.714103901933982,0.008382864934836467
166,-6.001,0.005013626639097723
167,-14.119691027459847,0.02352380455620218
168,-7.037337581036812,0.09712482451074199
169,-7.232019386595434,0.011346819377700922
170,-6.737820321303008,0.040299460920099325
171,-7.412511848794107,0.008529623441208792
172,-7.379765095600588,0.014741804248290998
173,-7.682003617261681,0.014433278028077324
174,-7.459214417744614,0.007293684233159
175,-6.9410769236068,0.009395622019960219
176,-7.642742218775999,0.012782032069153182
177,-8.079705219076962,0.005474163107024906
178,-7.044248919562483,0.010934535560786971
179,-7.945680459533114,0.008485901273663362
180,-6.0,0.859666653277713
181,-6.124790948046383,0.3273729319921299
182,-7.931530887142242,0.008397872700178822
183,-6.806970744839564,0.02467377270547109
184,-16.09306953191572,0.007510564908346452
185,-8.040331591191112,0.03519838186715513
186,-7.529738429021203,0.004724969850546432
187,-7.760065312252826,0.009002441445577405
188,-7.311601015895694,0.022268192961711567
189,-7.187216051539063,0.007834678205225994
190,-7.313333044307643,0.007126992935565242
191,-7.62856722261764,0.010560721427309648
192,-8.129299857859484,0.00896128998537254
193,-6.0,0.7744387587160462
194,-7.910728379331832,0.005775281350815881
195,-7.673802584801164,0.010777320332142975
196,-14.126544088090418,0.00693598545333373
197,-7.768269008200096,0.019201843377946774
198,-7.002844006712136,0.009274588752168196
199,-8.91973232754929,0.0058062862719166835
200,-8.67873579628829,0.004121535613485459
201,-6.530197494705219,0.03536162383955965
202,-7.6291676330873885,0.006443790157752354
203,-7.274551114177029,0.011918090209532784
204,-7.30199391791269,0.005892987625141375
205,-8.690974727564459,0.0199038140351838
206,-8.281170758114635,0.01139087289500103
207,-4.5965025106154025,0.9176210022852079
208,-7.859009627483333,0.011551966821852304
209,-6.947875023550489,0.033441315911492756
210,-10.42278388535754,0.03670250101668959
211,-7.9255923494422715,0.012035502421658883
212,-6.001,0.004109285621848292
213,-6.424992149152122,0.015455625531790907
214,-5.9304458211497115,0.9690586899586048
215,-8.554234276209062,0.004891107971224452
216,-5.455703775780577,0.9529671143524807
217,-7.735543109287056,0.004774749945302934
218,-7.494133365782154,0.02263818833893597
219,-7.430909800603768,0.01635480558065737
220,-7.298774898399861,0.0025585134513901545
221,-6.001,0.0052690702807916875
222,-7.0725042778949625,0.0040988992085894595
223,-8.126609123598225,0.0048359464546112695
224,-6.0,0.7051183655932525
225,-7.375699356205138,0.004209478414672499
226,-7.373197996530938,0.0131777253681247
227,-7.583812577559778,0.028880653890635783
228,-6.2086852892395195,0.006571503072073063
229,-7.602332449374831,0.03668498292032319
230,-8.90172821731866,0.012947614972915019
231,-6.6354541378740235,0.37247332819148093
232,-7.206135742429941,0.02974633828463878
233,-8.65289324496689,0.002872754554435132
234,-5.648348686274069,0.8495419529478463
235,-6.001,0.01874324801490271
236,-7.593732342060091,0.00655578919554146
237,-6.001,0.031969640674490346
238,-6.867630308128857,0.014306811882210408
239,-5.379717657964986,0.9727054350167592
240,-6.485268683560305,0.05725142666657823
241,-6.8478275312964785,0.007497295907248494
242,-6.740164243073126,0.003922644837365892
243,-7.7897745047140505,0.007189538037606585
244,-7.4902230971789745,0.00270333283897535
245,-7.764978707959703,0.008041868469944256
246,-6.971948914661016,0.00804721520249251
247,-6.001,0.4780260554467928
248,-7.288488521872335,0.0199227007555809
249,-9.666128345077292,0.028735717915788342
250,-7.582466979530974,0.008409246766255162
251,-7.40351136810572,0.01788106082641939
252,-7.295863884353011,0.013220976074197064
253,-7.182989061243602,0.022415586393813813
254,-7.611929560488893,0.012066034471599228
255,-6.001,0.04429847704292961
256,-6.001,0.00858045956296078
257,-7.248502157158475,0.018942359289093994
258,-4.351448192469323,0.9591985148464699
259,-6.401989059736136,0.004514985839443763
260,-7.642090483910645,0.04008279882437311
261,-5.843701080989047,0.8985990501486445
262,-6.0,0.8342314905750225
263,-7.884540658146152,0.004651123288398691
264,-6.652822381319495,0.02340230876620303
265,-8.265505330436188,0.01073453866747054
266,-7.155968557101867,0.028820236528213646
267,-8.874881783906066,0.0062856031905279865
268,-6.170666393467423,0.0068896166406520595
269,-7.062023108858812,0.01020927353044015
270,-7.49989332474837,0.019695386190583003
271,-8.519736863235826,0.030681763878529344
272,-6.947888008906336,0.005041287963492763
273,-6.732534645697578,0.012768930300636208
274,-6.898202252688726,0.009273532988797479
275,-7.351748606871816,0.012056909397918793
276,-5.0242872227860325,0.7058231773394653
277,-6.001,0.04684924711457304
278,-7.0351950938962355,0.004883791348328028
279,-7.671520530778473,0.008541524250214365
280,-6.886732560420805,0.06188694435698778
281,-7.423844943281612,0.032500283076572406
282,-7.418588462839593,0.011256345568693794
283,-7.460646508898199,0.007633323801219229
284,-6.001,0.016660943141822985
285,-6.766928784435224,0.006339817331897686
286,-7.166797191655517,0.0369374298755828
287,-6.095695975154303,0.011159119119788473
288,-8.043263602991507,0.004969980107333477
289,-6.605068417851957,0.0058676447395656015
290,-6.001,0.01152523882041231
291,-7.895323395818229,0.010686881064391482
292,-6.504092146059824,0.01176914739094305
293,-7.0632865007392365,0.05197048522388942
294,-6.001,0.03043205058142905
295,-7.52598402084447,0.008179516829968545
296,-6.001,0.03215850572727176
297,-7.52985374835308,0.020044433225192646
298,-19.060668548493762,0.00851925440318426
299,-7.739164510887827,0.01742818489460016
300,-7.1505541164289275,0.013153502509103566
301,-6.001,0.01733241369363144
302,-14.141574057879232,0.028712299010093246
303,-6.351138542313748,0.013000549600351295
304,-8.664705941482211,0.006141778108539059
305,-11.28840311562952,0.06942201939356404
306,-5.084356582295887,0.9000858336101658
307,-6.001,0.16031610076791603
308,-6.022492773353728,0.03998619200727425
309,-6.2373238322305165,0.008324363590552717
310,-7.119987567305472,0.21086253856080303
311,-6.001,0.010426112504870898
312,-7.803833366408318,0.008791698114878796
313,-7.408901135148069,0.010710871782902283
314,-7.899570810386992,0.028836758591332494
315,-7.3906594763508995,0.006959997902618235
316,-5.832288111385702,0.94582000767948
317,-6.2261537565186895,0.10063125005276294
318,-7.34609833498037,0.01491854727837599
319,-7.699213172052601,0.017366222288833354
320,-7.563584045001996,0.00571811265120789
321,-8.819073509796628,0.011027955019796766
322,-4.961530087671706,0.8636267733274104
323,-7.281027328184144,0.00728794704665304
324,-7.328665839453244,0.0034078560689263663
325,-17.564365029053633,0.014462378836620706
326,-7.751520964287307,0.0031193689064122417
327,-15.938244859673322,0.013896830502203188
328,-6.859883673270879,0.02206749133346479
329,-7.448454934357157,0.034870176681184015
330,-6.985343893032036,0.03850752132505452
331,-7.90061605069352,0.006214663573504597
332,-6.988331960139422,0.02476531926476172
333,-8.307447718571494,0.04191490396021955
334,-7.0180382351136625,0.0051972985936946745
335,-6.801965254574361,0.09429044160264217
336,-7.95778791519287,0.05375649025617844
337,-6.912469251256525,0.011823757682149189
338,-7.286341412658736,0.015984312683766322
339,-9.351638234275143,0.0045355200164359415
340,-6.56561482287378,0.036114442009614806
341,-6.0938644610941815,0.029417231248516435
342,-8.717213222954042,0.006215144741316092
343,-6.001,0.015947813001766606
344,-12.70947236093561,0.2544820530630987
345,-6.529971079407966,0.031184042145781025
346,-7.225602778839421,0.011701226198651217
347,-6.508903923936744,0.029586680162047293
348,-7.246304088701572,0.013490555943120559
349,-7.29582240982312,0.007121594794316633
350,-6.171396031709492,0.008488462646281598
351,-6.724713814830734,0.0869363095918188
352,-6.659797551950882,0.029238238321173032
353,-7.034191928060361,0.026594191033666986
354,-7.958393599887641,0.02024460309561943
355,-9.774327921177328,0.022023754026981486
356,-7.685237885866742,0.009028437862828703
357,-6.001,0.006983659206854032
358,-6.9609387405282455,0.06072276500332258
359,-7.9051176270772405,0.011504444986191215
360,-6.422945147854964,0.02428811431776283
361,-7.49590583109947,0.04429412547830233
362,-7.484373637149175,0.0031400306568494666
363,-7.6962647962891335,0.03648886559532762
364,-7.362381357598582,0.00509095776532167
365,-5.425415146411832,0.9518732363688777
366,-6.8547794971689715,0.03290308401721144
367,-7.553558082234054,0.03477764448535059
368,-14.1379948511452,0.01128377172473525
369,-7.412887038651607,0.008539847250123713
370,-17.038443381699373,0.013072312598727754
371,-7.610953090715643,0.07997094591496308
372,-7.502554065575962,0.014296533121117446
373,-7.440510215790004,0.012540195772892051
374,-6.992139673717575,0.018659893988490626
375,-8.752565405733773,0.028498130158553788
376,-6.772738013561411,0.004407434263545024
377,-6.409112282865501,0.004495799388855746
378,-7.190211063406349,0.0257365457300821
379,-7.158245663978677,0.008203422347944333
380,-7.400052628997042,0.010256022780166765
381,-6.503103476657971,0.14063437584722907
382,-6.356639427370192,0.3331424177534703
383,-7.2049316874948826,0.02074855320742633
384,-5.852338034241331,0.9414018830173895
385,-6.1700739733825545,0.007672584682663831
386,-5.457414361084078,0.7676737558134912
387,-7.372438631068613,0.05183993057167807
388,-14.933147773270434,0.019326471299590614
389,-8.33592638522836,0.005030490441189224
390,-6.8042558462870755,0.017692534319889527
391,-7.0451757495627305,0.007253230132730928
392,-6.7098044970663695,0.024774515040134063
393,-5.398443817177409,0.8391209661876814
394,-7.029026479350765,0.016418304097209627
395,-7.797009196258515,0.008049831921721356
396,-7.134477754472524,0.012284893293174762
397,-6.460139694416448,0.005737950947766014
398,-7.359186475757616,0.006356106095419096
399,-7.608269808562477,0.01137218535261588
400,-7.481370407190203,0.09316568685113505
401,-6.413097333347152,0.17614375064543647
402,-7.794288185729851,0.005114836478047572
403,-9.259273077153777,0.007466313789865766
404,-6.001,0.007519983793363161
405,-6.001,0.007908578636374338
406,-6.887630414528068,0.2952335222915167
407,-10.21848064130704,0.014281708254984227
408,-8.187402721643847,0.003358506198552483
409,-5.971337627301108,0.9750374095494004
410,-7.220339299591405,0.007924158948991882
411,-14.218237950049831,0.01054503219798178
412,-6.635240797278164,0.15140748460267003
413,-7.837441213914046,0.03928820082481347
414,-7.287365640822022,0.01124499359594998
415,-6.001,0.11126301812144478
416,-7.371922697257294,0.004325324272831035
417,-7.893716496185032,0.0066110097151350035
418,-5.190742102974126,0.9158440832059965
419,-5.293824461793278,0.8838151629491512
420,-6.001,0.009078630041633496
421,-6.574612148572535,0.11752543377941269
422,-7.810997641600822,0.006227218445410317
423,-6.543713963723738,0.008960335788412469
424,-7.37600356821507,0.003749636995414595
425,-9.020056416037816,0.008911416910218838
426,-7.511158316333048,0.019457684312402395
427,-7.550514809701832,0.023120075490953955
428,-8.151841129744293,0.007379452448582916
429,-7.571024828633102,0.005490548550834975
430,-7.736907770965591,0.004813263497820772
431,-6.9351662166180965,0.008926634683945146
432,-7.181237523657395,0.010320680440268976
433,-8.98903000420395,0.03182637199239532
434,-7.859257432572307,0.05053562289782242
435,-8.723765889120514,0.006349979439857601
436,-8.313496771544761,0.008131307335358965
437,-9.06072763476559,0.012331701148823229
438,-6.001,0.01140748316157601
439,-7.3843515794028525,0.042056866683712474
440,-7.913761674770249,0.04611966066812625
441,-6.001,0.03214901978775797
442,-7.103285223444053,0.008055817371707755
443,-4.607637848158175,0.7999784648684564
444,-7.003573324861595,0.06322735246988076
445,-7.623846357682176,0.010949860608221677
446,-8.42174782803589,0.005817830998592469
447,-5.450620441015574,0.7944612672477845
448,-7.644659787316824,0.006103502188556833
449,-7.152890399657233,0.18370554938672892
450,-7.0293802290579706,0.009291698020190857
451,-5.6676013253219,0.8831233414205759
452,-4.465260098774724,0.9545703066133189
453,-6.951321419971752,0.023347345126466953
454,-8.339030112706922,0.008732449229926146
455,-8.006930323036665,0.007849719925820436
456,-14.081619832237344,0.023852718185915042
457,-7.253699236104263,0.010390322412065977
458,-15.89630889331875,0.012292879641701306
459,-14.927738657222246,0.04524018811265585
460,-6.427823877628372,0.010569429460220981
461,-7.612081161114178,0.011667476224941128
462,-7.434082012120252,0.006979941048949642
463,-7.25073505969154,0.0864821203185869
464,-6.637759175566006,0.0072925242614177745
465,-15.097502825026186,0.017095806139034265
466,-6.0,0.6827538671515683
467,-8.412083882404772,0.028083073907074957
468,-8.084504026300712,0.017354577598476733
469,-6.492067032552155,0.013183437896426127
470,-6.194780489441052,0.00945104405197917
471,-7.449246756770628,0.0066967500830189515
472,-6.957262863326689,0.0042525430617219905
473,-7.78070493198711,0.019172259625557304
474,-7.812658069745769,0.011380450588672089
475,-6.774356313217642,0.0028277414565166664
476,-8.858959175484955,0.0037581086127239467
477,-6.9713163393202855,0.007979762908793996
478,-6.252095369776484,0.01823529420656503
479,-7.84616924028308,0.031092028015708966
480,-6.912405732453579,0.005339935885101248
481,-7.633702747709031,0.011483784348527872
482,-9.604279056115171,0.10114608198397533
483,-7.310299764329454,0.011530482080730079
484,-8.286062317392336,0.022612226707737885
485,-6.364381740632804,0.010806604172340235
486,-6.986954822731942,0.005172530352092167
487,-16.874182783537123,0.006847158998335034
488,-7.988931866725267,0.005952480763118173
489,-6.961065517660248,0.005222082930528251
490,-8.427430030353342,0.01984830906457634
491,-7.8166789736607525,0.023934139981275162
492,-7.9819443858252885,0.007689722690397597
493,-8.325907043818152,0.007872924037251464
494,-18.78442999444171,0.007881292340624253
495,-6.010040291077894,0.005119579641577239
496,-6.834030835054282,0.005747285068472057
497,-7.467273785804107,0.006957915534115178
498,-9.146244843670699,0.006604604731125782
499,-7.778491306637524,0.0065458517400602085
500,-15.243477988418416,0.025126089140668002
501,-7.692241110495024,0.015003699844329912
502,-8.555207813662808,0.005985575608471347
503,-6.375803916979697,0.3945053718350208
504,-9.03299681497065,0.009566857149626927
505,-7.390876713818654,0.05753009040196553
506,-6.690443291193762,0.006926575599148737
507,-6.1747799856718535,0.013655797476298097
508,-8.082765583253844,0.009694578886988355
509,-6.478423262283291,0.011017541122603171
510,-7.883134068602685,0.01452979801108388
511,-7.184192699280549,0.013696140876870417
512,-4.964655572339727,0.571782434163622
513,-17.022542606577858,0.010196632091132097
514,-8.151382772121075,0.007513031135673081
515,-7.771555591360341,0.003665843812905445
516,-7.957970489467203,0.008399248496631786
517,-6.348569286948365,0.024236975201337396
518,-6.001,0.032070804862410145
519,-6.15528307662374,0.005317773319283835
520,-6.397861110512164,0.005588219608405343
521,-7.492860704974438,0.012349767855167301
522,-7.2194145150270295,0.010921789239797166
523,-15.974649334603246,0.006176564393771025
524,-7.85280315014435,0.013936983852604206
525,-7.40981945240808,0.008224697902927805
526,-7.49343640914906,0.0071442559456990585
527,-7.104121654709886,0.07450027760049563
528,-17.69228475050847,0.016181739004306556
529,-5.568548153041496,0.8956453118740191
530,-7.157579611920678,0.011390042561197685
531,-5.590665338828355,0.9645346658985784
532,-5.364854051011285,0.6630475414614871
533,-12.372636057183273,0.021877802796977982
534,-6.310775161617823,0.056695502633708955
535,-8.266299987012491,0.007960668242366853
536,-7.536597244001477,0.009319604157457325
537,-7.545135600789317,0.02863229401912678
538,-6.001,0.02077321266245875
539,-6.989550407904735,0.013412517306718217
540,-14.05505387055863,0.024427574627946425
541,-7.615878596407549,0.011934887262201507
542,-7.678915256866576,0.007693899673127953
543,-6.600797722762931,0.03466505473394628
544,-6.001,0.2914586531571521
545,-8.008049051729138,0.008478061595738554
546,-15.722731771196369,0.012167658104350164
547,-9.952444084206345,0.08037428689635143
548,-9.789986690256908,0.01769328585685095
549,-14.791376307517508,0.027077569565385456
550,-7.731614736991307,0.008567418821116123
551,-8.414907435736541,0.008250101420708046
552,-5.246246904680803,0.8282681478097926
553,-7.155018937465728,0.010395883031656701
554,-6.001,0.006486878676261493
555,-8.65391106902215,0.006198168416461044
556,-7.912662075206707,0.01404985937022749
557,-7.103394579260535,0.004203566920222709
558,-6.203178565851619,0.029730140820137137
559,-8.734000469764002,0.2914533223747867
560,-4.817406275097662,0.7782565060889877
561,-7.540869281500511,0.005245237299086098
562,-8.769963068529776,0.04657330248548197
563,-13.84272429988502,0.05053118672238833
564,-7.089043324872778,0.00908818796295432
565,-6.001,0.011631952186185434
566,-7.694524883792832,0.020026471589603467
567,-7.935685969349033,0.008748469547873877
568,-7.60507054171768,0.00692579527797788
569,-8.64114850157825,0.012363315280110457
570,-17.475864527414693,0.016775112259870592
571,-16.655966666944977,0.007008959505574146
572,-14.785395165362297,0.03948276453951254
573,-7.733824366059607,0.033653457417702336
574,-6.544748443395408,0.13057383272922224
575,-7.207985004296904,0.0024910085888912104
576,-7.472329124425517,0.004366817163427048
577,-8.858457800097328,0.004302333695885903
578,-6.331276089611675,0.006332716956337852
579,-7.777258669782643,0.006990025956324301
580,-7.393411943603695,0.005007458153685014
581,-7.610804405321054,0.008524268279746935
582,-5.71681237677579,0.9291486359730302
583,-7.407067045871004,0.006897134429708548
584,-6.5600082664234325,0.16873752445035758
585,-5.790819304321635,0.8003845154832341
586,-7.966002968669386,0.02376537436991342
587,-7.112012454269355,0.1731864742343702
588,-8.072701773670287,0.0029685405258685674
589,-7.876756281154829,0.010538881025047225
590,-6.690066238365077,0.015227445769983772
591,-5.812012923785301,0.941809991795514
592,-8.817081294097687,0.04098316642405833
593,-8.391621955463604,0.035484934883008544
594,-7.5613234513483265,0.0060673819880693826
595,-7.6546750433949855,0.006207978412457512
596,-7.453224476840509,0.04456936473794878
597,-15.410658991745269,0.04029688132145323
598,-6.395075555243027,0.004650619975784133
599,-14.813669508727319,0.029843054943754294
600,-9.291465367881862,0.03003760680139542
601,-5.790648989114403,0.6127869388785632
602,-7.616481074174028,0.005986108604317702
603,-6.397166203615398,0.008270534665514263
604,-7.528242163227539,0.00572929937286577
605,-6.834177621391506,0.4983162731980981
606,-6.197421328568948,0.0341472176197181
607,-7.581713657158512,0.010396277261357532
608,-8.98340003271108,0.021769624944674073
609,-7.417337433928803,0.03058026259007238
610,-9.29971030774304,0.006892628675290882
611,-8.9593063865675,0.030992881751239754
612,-7.992438522005486,0.013917488835166178
613,-7.813447373475562,0.00988408504285167
614,-7.566774563706667,0.005076793953647629
615,-6.001,0.0041759002052909
616,-6.001,0.0083248930924328
617,-7.663750879912396,0.006215555714823255
618,-6.001,0.004003146919396506
619,-6.001,0.01852323767282004
620,-7.809320016685545,0.012530021984545352
621,-5.559232382451394,0.9432607834805473
622,-7.290189941332999,0.011628946378675275
623,-15.636083305746501,0.006016131650130465
624,-7.785283538401598,0.010201985008054472
625,-6.513732925902458,0.44289957152174547
626,-6.001,0.014304728050730055
627,-7.696781834829905,0.03824047558875297
628,-7.375963245635092,0.004975725294192833
629,-6.001,0.06943459712178883
630,-13.719701620905319,0.008270641441493939
631,-7.162744119904823,0.008208326601396875
632,-7.0613105774222085,0.011926214127156866
633,-7.432676552948687,0.006932089167451318
634,-7.09831442351626,0.014096183394880309
635,-6.131616513565282,0.03701595655937078
636,-19.366523750302903,0.008893057201197437
637,-4.737770848966031,0.9129621474885533
638,-7.710492161840989,0.01027063060110738
639,-6.618608228470364,0.012228377039032297
640,-7.4706366906676145,0.008272536494304782
641,-7.242403340577849,0.048003344209858266
642,-7.5291732795954065,0.019871087110128745
643,-6.001,0.012530789356073348
644,-8.470514661379587,0.006915859903466554
645,-4.665719543894606,0.9393746977648503
646,-6.496572093624838,0.04212393772845953
647,-7.406526553128647,0.0044143303834335
648,-7.958193686905628,0.005555715812014579
649,-7.545108549123052,0.01083350096372149
650,-6.001,0.023333604853804486
651,-7.896184588475343,0.007458435343935061
652,-7.27265266412598,0.003534024728493138
653,-7.614251941496652,0.005243792083590151
654,-8.090400850823912,0.00598391593710844
655,-7.433212110374475,0.007096668527162136
656,-7.156121051606264,0.024382916406630116
657,-6.4131877222521885,0.41537999538851356
658,-8.571939788658938,0.010416905482347577
659,-6.645381846991436,0.39431209058017075
660,-14.821630558664337,0.026563012792964698
661,-5.924876256886948,0.9164923942888082
662,-7.346947012123863,0.024498699886518586
663,-7.327485170490558,0.007459134330832369
664,-7.4629847517480545,0.017502412918645127
665,-7.359052162769538,0.03522381378715863
666,-5.4340150180394335,0.6957576480154798
667,-6.649486524332823,0.016533487761375018
668,-7.7392699667372575,0.03247580731547264
669,-6.001,0.09369472045077794
670,-6.329315431689061,0.009680365187281558
671,-6.001,0.007630954625333417
672,-7.2693673758797175,0.0292286284803706
673,-7.837172778321339,0.020260054073144174
674,-6.494882855914975,0.024104521645194034
675,-7.84999085674084,0.036571523787103724
676,-5.752523133167371,0.8950025165670441
677,-5.564384889383868,0.7675326280886419
678,-8.186982140441993,0.018508611504868603
679,-7.23389475920328,0.06161696313239676
680,-7.2519045961502755,0.004575409181537219
681,-17.361016184562423,0.011144793720730147
682,-7.283107678122588,0.007280428944463164
683,-7.402636762492705,0.03394532736215108
684,-6.005759346704078,0.011105400301619545
685,-7.01470767350656,0.05398724034765089
686,-17.13120075827637,0.008960007293475436
687,-7.404536348257616,0.0058437819981061925
688,-7.9895583307503735,0.005737456721119832
689,-9.915305256648807,0.26337422627002444
690,-8.236572486326448,0.006096508973193855
691,-8.357887883136875,0.031507218616854384
692,-6.857725640075114,0.012781845401054386
693,-6.241205465812624,0.5518295769115587
694,-6.001,0.04637825563657959
695,-15.215893674443357,0.024700274120681102
696,-7.519069074624435,0.04544781012925587
697,-8.077657480515615,0.005313732769171977
698,-6.001,0.006867677362792437
699,-8.163683986907884,0.009790728446572116
700,-7.084379873892299,0.007086975915837667
701,-7.166028300082138,0.015887061046039697
702,-7.358075495349421,0.004296241531434688
703,-7.924643721148913,0.007434265552194516
704,-7.580938053388853,0.0061152732901842465
705,-7.204895466258494,0.12012635744576755
706,-5.411175924795225,0.7754682685386461
707,-6.893105998620638,0.16442517998481354
708,-6.883131121303094,0.014056204391439005
709,-15.442330898160712,0.007480809622489194
710,-8.777570803796392,0.013526191864818262
711,-6.9860241145123245,0.00560849013090301
712,-6.001,0.006072655636340012
713,-6.300214468608257,0.5096039764971348
714,-7.114895273670256,0.005999685445099916
715,-7.291215269554058,0.010083018420707026
716,-6.001,0.04761133274739507
717,-17.1090042338788,0.01451113559937233
718,-7.4520877405918045,0.008792368233540359
719,-6.784907115017717,0.008743590503802858
720,-7.721606044082225,0.003077338523089177
721,-8.779592462718881,0.00928503131764955
722,-7.81621183045662,0.017327320918205283
723,-9.994098448802252,0.008427281459102065
724,-7.212483879411207,0.005520360118412675
725,-6.001,0.008018756147875873
726,-10.512768642898793,0.005035126989806691
727,-7.1749244035046456,0.006939003940274247
728,-8.832905185949528,0.007260669386294454
729,-5.098573033137109,0.9405086419961495
730,-6.001,0.018768720105899153
731,-6.153072891355751,0.07171459599584551
732,-6.9736395995761224,0.011514514037787558
733,-6.001,0.008576707192963209
734,-7.45501414509562,0.0068473694451041435
735,-6.0,0.7683526204268466
736,-7.890628207817738,0.003978165999379407
737,-6.263484550426917,0.023773080411792786
738,-5.95284999732388,0.9381498769124891
739,-7.551876454939091,0.009355766684240261
740,-7.14130383799846,0.017346432821830605
741,-6.894167582212332,0.006532497917572649
742,-6.923529660887154,0.007140947185560219
743,-8.707550090154808,0.009252990235123635
744,-6.73189317558729,0.012693939784191074
745,-6.97721840418434,0.0033901023112050893
746,-6.373364090676376,0.018907730211671088
747,-7.315052927310461,0.030100936803782605
748,-7.85746678762895,0.1501861624885778
749,-7.313475223219038,0.006798830065822542
750,-7.715297614071032,0.006183099631719729
751,-6.978107824164144,0.0061890340799433605
752,-7.250258933380504,0.013203196849826742
753,-15.291817257873069,0.01299761323431509
754,-8.085298535205945,0.0047541044805254435
755,-8.284115746891892,0.006289662943599735
756,-6.515311189714951,0.021074385645745264
757,-7.033059673401111,0.005930665077818221
758,-7.1311856867464085,0.02444044073665006
759,-6.001,0.014906158476734401
760,-7.881224572809994,0.013289090393741721
761,-6.847866995291782,0.019625231624199987
762,-8.429315253788694,0.003749069655478093
763,-6.451434138869603,0.3527875040096374
764,-7.423353111070581,0.028338546415303867
765,-7.904325450543256,0.04632864760805784
766,-7.3517369709148745,0.0462376092711874
767,-6.818336008685771,0.0054122566757152145
768,-8.018603771542068,0.006295659889569462
769,-7.44579452710195,0.007073155976675035
770,-6.001,0.006928872908488721
771,-6.778045305904875,0.007822644121862773
772,-5.952773070569875,0.8596610591517847
773,-8.212734259663428,0.00972643286130019
774,-6.679700127251818,0.35564099501178403
775,-7.004769095686936,0.1067915009491585
776,-7.626643402388036,0.004971972613619979
777,-6.3051341367223666,0.5047948421209707
778,-6.1141712146750455,0.013350587996169155
779,-7.81419803254564,0.006583073194648644
780,-5.681981177994384,0.5683411760200436
781,-9.005062351675164,0.029672733771727328
782,-6.0,0.7600680319523322
783,-6.579346614201079,0.005352949382615254
784,-7.016568967488539,0.01006386801502694
785,-7.8110231752849435,0.01613212646540913
786,-7.755572017299628,0.05144019520676572
787,-7.309713170641448,0.005896592713183561
788,-8.333696259221703,0.004188762917275322
789,-7.865530727386096,0.008747287017161598
790,-7.694291884747159,0.006088181590577354
791,-9.433342592994432,0.004815910531481497
792,-7.695664764654597,0.00808076816576694
793,-7.249410474923005,0.018406767775051458
794,-6.281264987033989,0.015072802215642013
795,-16.015885767748173,0.009858855707480017
796,-6.272308676103551,0.39917185079506634
797,-6.571197568510718,0.026293590114894756
798,-6.469083042661209,0.009701383833784638
799,-6.344537209733553,0.3498029724910611
800,-7.599867281914125,0.005056672029740777
801,-4.91620713474211,0.8865340785386483
802,-5.061634550016315,0.8887212720996848
803,-6.726088699143123,0.16615822921630388
804,-7.272159740722959,0.007172630911739885
805,-4.435810163196921,0.9376297567296663
806,-7.270414195218107,0.020870711899335415
807,-6.090119423400833,0.3321976268911766
808,-7.452928191630877,0.025120258281308646
809,-6.001,0.015821415772379804
810,-8.636362578159233,0.007701085478127972
811,-4.770121017739864,0.9408974867768387
812,-6.293840027685625,0.348921887660693
813,-6.995567559098038,0.020506228600161647
814,-6.6577028208387405,0.005578367598792988
815,-18.215151012987775,0.01802478863082946
816,-6.922538593781486,0.033164371996837305
817,-6.001,0.004113208755828594
818,-6.685086982578425,0.0243308638757607
819,-7.8800863533097765,0.012672625448432798
820,-6.728517910252211,0.007666025083886136
821,-6.075495344764394,0.13250912647961746
822,-6.001,0.005268978018414001
823,-7.242075657920971,0.04020085644319772
824,-7.420579707330145,0.012410876553603472
825,-7.072779061872643,0.006520936693935125
826,-8.669656648043894,0.015582825128261426
827,-6.80467519694545,0.004661243121568151
828,-6.001,0.11135208719680478
829,-6.38558179135553,0.18565656239945347
830,-6.922968414301769,0.044556870416496
831,-6.855955912492722,0.01907653506627083
832,-6.661135265328154,0.009650052485997034
833,-6.292477844648602,0.5845661248124314
834,-7.722687768734602,0.00817884343891869
835,-7.181638745682551,0.14513392429428434
836,-7.7791525630237395,0.033243343965677824
837,-7.289898756284094,0.018545512441468393
838,-6.001,0.004705435959520491
839,-7.253590703253882,0.025742093911633297
840,-6.001,0.014676740586867066
841,-6.001,0.028471956654122117
842,-6.994642920790013,0.005601949116892137
843,-7.55245612120076,0.002875995745474763
844,-7.98480511059739,0.009686853772621998
845,-7.331665790592233,0.04054018168223259
846,-9.178542647372943,0.008609014986940625
847,-8.289439326640974,0.036306051298522546
848,-6.2717074878716845,0.012704175932781869
849,-8.519973484933129,0.010907500137609025
850,-6.001,0.0281298818507342
851,-6.001,0.12680574658318036
852,-6.001,0.09013197251526252
853,-7.562997688697017,0.013393825759220854
854,-7.883100238523729,0.00645138973777659
855,-6.991228001382707,0.012077615004790168
856,-6.001,0.006431893387820241
857,-7.517031805202681,0.005978057957465116
858,-7.592467133490959,0.021841100227187358
859,-6.931149438038769,0.019837611023583567
860,-9.2118986581647,0.023728285550217814
861,-17.770314257670996,0.007417612864700413
862,-7.139910815280083,0.03697981617346242
863,-8.10301567375676,0.0027860591286705642
864,-6.001,0.0072754277545337455
865,-6.624009296454666,0.049012697072500985
866,-7.165114740834707,0.009804961170650118
867,-6.001,0.008681353919354219
868,-4.090563275174512,0.827309390455767
869,-7.6598320673725135,0.009689820273599735
870,-7.282345902661601,0.01608530317346616
871,-6.587931005749974,0.008706518756790502
872,-6.466712081458304,0.00608463772548485
873,-6.59342725177285,0.6886989304417883
874,-6.001,0.09854584614737666
875,-7.46261153775201,0.0395641944921011
876,-8.026205346799134,0.01161042566749936
877,-8.218995922503934,0.004866596889429945
878,-6.591136503854528,0.011995511851649113
879,-15.3637818124476,0.008670406832204327
880,-5.859809672620456,0.9218388409181704
881,-6.800199782603556,0.06419213153112778
882,-7.399510121610991,0.008568627179634915
883,-14.217554164792684,0.006479069327010047
884,-8.97211927439676,0.023255449018882875
885,-6.0,0.7839957605056678
886,-7.2165225679713,0.0072306195263888914
887,-6.001,0.0071294899007708825
888,-8.122475943192656,0.04975697816909006
889,-16.832975550225378,0.007859283485804343
890,-7.403502265462519,0.011414886780806443
891,-3.3479238770808273,0.8935763435861477
892,-7.656555165391293,0.012791291461969367
893,-6.090323279543653,0.08469435245799523
894,-7.917289119883921,0.003881295947761049
895,-8.548276035362214,0.012090682595423506
896,-7.739771835114977,0.004491158793303651
897,-8.787985241695907,0.015739868721551753
898,-6.08886538545367,0.5808389997217427
899,-5.908730423612228,0.901491029404935
900,-7.800101068409786,0.00705390748636006
901,-6.922834245028801,0.008841534885309817
902,-7.132400251938982,0.011951663244360845
903,-6.549012214469206,0.01118018997919648
904,-7.39668626262073,0.0032495773818046235
905,-6.94173997660071,0.008759629585093914
906,-6.914400299844651,0.011005228630759669
907,-8.25988476550051,0.013342607607218821
908,-5.4943141503658115,0.8014314838521752
909,-6.7599156196029355,0.026667207172196523
910,-7.0912461861841525,0.03227637946324333
911,-7.7586552986803525,0.027622876728444823
912,-6.05123086295999,0.014567766318721857
913,-8.92163335981303,0.012267675532193061
914,-7.941936582368431,0.003854635005309461
915,-16.3587215115199,0.019970678454796453
916,-8.68353653489797,0.010697909624597598
917,-6.0,0.8482604679014564
918,-6.12406476478311,0.027865916548496215
919,-7.286413674010986,0.005505314984975702
920,-8.118583687229057,0.005960366059864983
921,-6.621411863217368,0.005863016138281891
922,-5.89394743085922,0.6709712138004307
923,-7.24753722134368,0.00619828677779827
924,-6.112392084761549,0.018004961686218145
925,-6.822477312042317,0.023870727751236134
926,-6.649834609309094,0.036027512688877585
927,-5.5485380539307085,0.8945127684977966
928,-7.723786160682665,0.005851620721243203
929,-18.58686505178794,0.006620107198724484
930,-9.10495977320272,0.008085251967094918
931,-7.401626234220863,0.03441757370936257
932,-7.725323092642048,0.004180132950766836
933,-6.001,0.010197064525404323
934,-7.16628248459959,0.008615399837277793
935,-8.538574814737927,0.003298523522264786
936,-6.001,0.03817730390967396
937,-6.7870524563594445,0.012317652937126639
938,-7.712299520726371,0.005001107212181334
939,-8.473629409364566,0.027301177211101445
940,-7.507756744884979,0.012566283148277858
941,-7.495618662442012,0.010614853841851896
942,-14.571291852122725,0.05488297419173088
943,-7.002465704773444,0.009511712895245923
944,-9.242536680705623,0.011172717915585325
945,-7.398137058031175,0.023159442308559118
946,-6.709782283165165,0.0031855612636473196
947,-7.684644970714545,0.0065830377028298186
948,-6.432500113589027,0.011223778305446911
949,-7.748570008492316,0.005631031255714523
950,-11.449232307220015,0.03392809189984704
951,-7.479567559772739,0.014414817589598904
952,-7.653098858817774,0.004593588326791377
953,-7.219711202843202,0.00867037140463463
954,-7.234595981658686,0.11145651998514464
955,-7.402136691606638,0.017028350341496922
956,-8.626243402281236,0.006398230066967244
957,-7.5966426649853425,0.006918168817079028
958,-7.840443934421327,0.04226025038973686
959,-7.014070219975108,0.008006067027574174
960,-6.974298059145485,0.01960177537207359
961,-7.5888892396769005,0.004356348993432696
962,-7.027145315978169,0.005322601204343847
963,-6.001,0.00946243705254892
964,-7.799755866125531,0.02329636038101518
965,-8.123961008428875,0.004552696759081752
966,-7.091327474941238,0.008699634391925294
967,-6.359691433312047,0.20602470477073984
968,-6.0,0.8857497104891725
969,-7.720876617745102,0.004666085592129315
970,-7.186115575269477,0.041896924183172965
971,-6.955386125070476,0.051771076067986026
972,-6.0,0.7577969715988401
973,-8.698361752549365,0.00740885879874981
974,-7.590256369818458,0.01079287745731263
975,-5.31484520390266,0.8248843555356848
976,-8.797544011102602,0.008921082262923147
977,-6.481820965274479,0.10125513074786177
978,-6.781203208570392,0.012279346379236717
979,-7.587949571490148,0.009481531688590469
980,-6.637520401348332,0.06906252502585232
981,-7.691424306988762,0.0073061583943175535
982,-7.0661076004315415,0.013560349639128881
983,-6.29519824997429,0.024982478327701046
984,-7.070628417524844,0.009089940129309103
985,-7.6266937876549274,0.006213708979220648
986,-7.434155603420405,0.004598104998922916
987,-18.18592126451601,0.00804430806065541
988,-5.392482609828413,0.6498232975500294
989,-4.892751237488039,0.8385211473124614
990,-7.563508934385702,0.05810957631861475
991,-7.282229644101481,0.00442846798591787
992,-7.106511633972932,0.01218469955640586
993,-6.77239346756813,0.018930305360960045
994,-8.163180593868645,0.010496869198452611
995,-7.70890559430151,0.027866853781962925
996,-7.268034544064261,0.043978069537787205
997,-6.6530737571683245,0.014504718554567348
998,-10.757620416338227,0.004082837469731591
999,-7.464396815210578,0.009332765985241888
1000,-6.061256707300651,0.01559326636249605
1001,-6.0,0.7727910776114398
1002,-6.001,0.007072328071768845
1003,-7.804787429101481,0.037931970765634586
1004,-8.375568882056754,0.006910652970314788
1005,-7.947662813056803,0.006990280984811063
1006,-6.318122880257432,0.008781159169619994
1007,-16.61326608270989,0.016935287076196997
1008,-7.47653433631994,0.01415419337703898
1009,-16.61645999560483,0.006080695649699932
1010,-6.150798155351756,0.02886617250001825
1011,-7.087239005630266,0.012101284395546799
1012,-7.0472114038076485,0.008191764817257306
1013,-7.331605960312021,0.00784564088696047
1014,-7.601210036527082,0.035556608309562775
1015,-7.585391939769194,0.009898366875623099
1016,-7.672156874183922,0.009162782671218932
1017,-6.204405318122723,0.014194894518503656
1018,-6.9583764260336745,0.006852965994080031
1019,-7.515739085236416,0.006560461570037478
1020,-6.001,0.05395009281250128
1021,-7.084096856296528,0.009291303682600265
1022,-7.402757978589137,0.007009341475729054
1023,-5.84906294048262,0.7924218529029108
1024,-8.370859957079073,0.005329700671203979
1025,-7.950600695622567,0.0083351180296005
1026,-15.541868530649818,0.011813194721758654
1027,-7.503391016114631,0.02427080101347094
1028,-6.209347266081053,0.0068470749863151804
1029,-8.301886709801686,0.013884624860619548
1030,-6.627927258572085,0.003542710082599527
1031,-7.095555623155924,0.005606839317533586
1032,-9.05894620305885,0.004496194801039444
1033,-7.146627284613629,0.006751248330769633
1034,-7.343529604297858,0.12549718959965867
1035,-7.181702559846517,0.007143606925199941
1036,-5.987524776807214,0.9515872933284931
1037,-7.462455459813911,0.012240106352694211
1038,-7.238246340254838,0.01937009708687052
1039,-7.631853909645491,0.004909714649936159
1040,-6.001,0.0075496463301192125
1041,-6.3603847347546285,0.022585857569945276
1042,-6.901661799384954,0.004956507240449993
1043,-7.054985628486415,0.02247450302819629
1044,-7.786542888890752,0.006174325914846182
1045,-7.464686005247833,0.02273037935815368
1046,-6.940899640328354,0.0064727217936811
1047,-6.630950971992385,0.16061403855646675
1048,-6.926089155000838,0.0033428588115847592
1049,-10.143385085056966,0.004707536520889271
1050,-8.253180333229158,0.0041827944208857265
1051,-6.28611561120748,0.5236836952460804
1052,-8.156459896958168,0.0074353446684177005
1053,-7.693360584931979,0.004516943702705656
1054,-7.3181936921375845,0.007636380157041836
1055,-5.938416178147791,0.813756390224628
1056,-13.24523117793123,0.012593897483680746
1057,-6.209465970024899,0.031865244759641004
1058,-6.896892132237134,0.007622056369998647
1059,-6.973948210201881,0.005167391607718182
1060,-6.001,0.011742161431242822
1061,-5.5527970688354085,0.8414657768607507
1062,-7.808327446892117,0.00951103013135824
1063,-6.205945292596937,0.16457784152101565
1064,-7.075583743307058,0.011207271246028154
1065,-7.343662987952649,0.03555699305005186
1066,-8.455066401489951,0.007379166320139007
1067,-6.942140511425518,0.015355527181591893
1068,-6.69398916680246,0.05612078626458178
1069,-7.677526422121924,0.0065280067137510975
1070,-6.448466651508549,0.006365563369105122
1071,-8.265894305248649,0.00292996998972848
1072,-6.674870935809068,0.008935814973982601
1073,-7.030299021769941,0.015353699839961179
1074,-7.665371910396706,0.01920685786101238
1075,-7.2270186294957846,0.125388330406871
1076,-7.6047988223314755,0.005729389886542602
1077,-6.836979422323116,0.011238110593054013
1078,-7.242305194461226,0.006853901753476046
1079,-7.498735804583928,0.00447427315374487
1080,-8.120260538844935,0.009712394234650784
1081,-7.826917242630552,0.016525524593093286
1082,-6.001,0.039205969937513734
1083,-8.520794877394058,0.010756256255576586
1084,-4.653299649951225,0.9429797796865395
1085,-4.719878991173729,0.7754237134307703
1086,-7.723202104719074,0.004999643532626
1087,-7.562619255479853,0.009158559808657013
1088,-6.745554632889166,0.013517147893221766
1089,-6.7538847935856134,0.008718423242856075
1090,-6.778863376804155,0.017093840196989785
1091,-7.934672435662235,0.00753740228986511
1092,-7.435706806150523,0.004422223507055756
1093,-15.76003059309128,0.041378800843410626
1094,-6.908465074439077,0.008531497869007105
1095,-6.821155838002091,0.03141086512435628
1096,-7.810950259674316,0.005357035872631629
1097,-6.622219190347803,0.009298891227378842
1098,-5.92381227160178,0.8979198735604365
1099,-6.2353594092209095,0.11762692932119796
1100,-6.632097182438943,0.04766436147332251
1101,-6.374851314961053,0.014795717890571906
1102,-7.743742994697763,0.008087218273108423
1103,-7.349957287312202,0.021148427210971273
1104,-8.167596539752584,0.008704216872456877
1105,-6.316953098167639,0.06664121699196425
1106,-7.189771132877077,0.007496052128208686
1107,-6.001,0.010754841654825507
1108,-7.08648725680242,0.008857477806373157
1109,-7.686952482942126,0.014846172826452491
1110,-7.961458760725257,0.005346818358082338
1111,-7.24716925308509,0.005309849362189959
1112,-6.001,0.014282347123017385
1113,-6.910620371924006,0.01112538009240719
1114,-6.594809688525763,0.16522514461529217
1115,-6.245757962495203,0.008234817851865962
1116,-7.39859184587611,0.5494991462748966
1117,-6.153765923593196,0.25197057880679935
1118,-7.134238233388171,0.26957175012647044
1119,-7.774160423653995,0.007633211920635263
1120,-6.616384473264671,0.034111119541964385
1121,-7.335344616734824,0.03890408198790268
1122,-7.893266516944469,0.051389434796044756
1123,-6.001,0.012095123666178636
1124,-4.880811762680194,0.8817793209638161
1125,-6.909635590855606,0.010656670134874714
1126,-8.938882671420355,0.005689091143001291
1127,-7.2206564808633384,0.010476787504326719
1128,-7.1114223630245235,0.055986135727959845
1129,-9.889789414664332,0.004943948642161532
1130,-7.143705567407691,0.021820446802157695
1131,-7.257515027980413,0.060948897998105614
1132,-7.959222858070567,0.007052149843572061
1133,-6.716212599872598,0.012958849433608867
1134,-6.494492442157758,0.09257015651366421
1135,-6.612936537316368,0.010766012416357334
1136,-7.818817041992367,0.007185825132316201
1137,-8.019531324461159,0.019374332989050634
1138,-8.653298726959049,0.004796889279467542
1139,-6.293342223728822,0.008360397231034294
1140,-4.372925724354212,0.8806137263054689
1141,-7.650659168934988,0.005458005554599161
1142,-9.450067963961626,0.008079240655267106
1143,-6.510814152053772,0.029360968616389493
1144,-7.205633841124431,0.03964979921944234
1145,-7.05618777239081,0.012358346058531092
1146,-8.035254666633564,0.010058098447718648
1147,-7.791636145506972,0.006309047448533331
1148,-14.524382357128664,0.05341657224757634
1149,-6.5167168044486745,0.019789162384323124
1150,-7.134379558186245,0.011540143907354715
1151,-6.001,0.02103982757544049
1152,-6.501935812073571,0.3327965847935749
1153,-7.028353100498315,0.005252101048443967
1154,-7.2278623379973,0.013627600392076614
1155,-6.001,0.026580235813463783
1156,-6.1911740609692645,0.008823523277401931
1157,-7.343254694899033,0.012144260676640638
1158,-6.214311764005408,0.05638788113081012
1159,-7.937424646892606,0.006909497305995963
1160,-8.152428640621793,0.006439916581014645
1161,-5.675215599506746,0.9347377331123828
1162,-7.580906009516462,0.005168321522743111
1163,-15.465629972482084,0.004953789701561694
1164,-7.27919410192765,0.00725979265025501
1165,-7.1553502624219325,0.00638984965754195
1166,-4.651243974570834,0.9389419442667869
1167,-5.373197147563384,0.8866198848414952
1168,-7.413810446695819,0.007257144479855005
1169,-8.20959948200013,0.0057018122346281655
1170,-8.15291951341143,0.015646967047666233
1171,-7.735461880317693,0.008633551096297093
1172,-6.001,0.021703150721698716
1173,-6.281415684347661,0.01724034560712091
1174,-5.952757542208064,0.7667493427840685
1175,-8.277438813993532,0.020826350525766226
1176,-13.207757822054859,0.12341587125720041
1177,-6.870091215471114,0.007848020596813854
1178,-7.50277972714826,0.05770375406226389
1179,-5.357718250021748,0.9686699871816071
1180,-6.009380746755082,0.020052281140966632
1181,-5.18916617815209,0.9450706445760438
1182,-7.497583138623024,0.056839545732276474
1183,-6.280184166741616,0.016775105053163014
1184,-7.588651653320747,0.022557096079013066
1185,-6.001,0.005739413050808129
1186,-8.692221930657865,0.007485709892285594
1187,-6.983556647586818,0.008389470639067314
1188,-6.297639776358053,0.012298345268855208
1189,-6.692470019292974,0.20095196702747037
1190,-8.987148479560478,0.009833384465850553
1191,-13.174801312127226,0.037243838075871664
1192,-7.222014461045513,0.006749622642197776
1193,-6.001,0.004209507142897797
1194,-5.507205457886113,0.8105328892016843
1195,-7.856580167791199,0.005712449942304307
1196,-7.20262002382543,0.007339413675537845
1197,-6.206313279099826,0.37121601871990645
1198,-8.134875498848972,0.006692005498541394
1199,-7.538215050072013,0.004073894949032942
1200,-7.008828047840097,0.00972072447017283
1201,-7.664997001833333,0.009877225515524625
1202,-5.29209501273227,0.8771019803275808
1203,-6.837787456304767,0.016573939888456582
1204,-7.340226302594278,0.016499646119285706
1205,-7.099046082625645,0.06046989591122965
1206,-8.472285292394073,0.009236042880995634
1207,-6.651545279749649,0.03664113670444564
1208,-7.295590096995111,0.011466372447864638
1209,-7.662791742016432,0.011737616234474264
1210,-6.902517663808591,0.037130718865832184
1211,-7.762350997845844,0.010873746763021818
1212,-6.852276286560944,0.006320104402295228
1213,-6.57404035640503,0.1411803152348024
1214,-18.789624811068013,0.011000712628502411
1215,-8.739614451406172,0.019063738982897597
1216,-6.787724339735778,0.02281556744036685
1217,-7.113735027030786,0.0036578966265994354
1218,-6.904296843935484,0.017833783094683163
1219,-6.001,0.03990797239431031
1220,-6.001,0.0065438611742827685
1221,-7.242437563251991,0.007086499338737873
1222,-6.001,0.009189238430367876
1223,-6.040616947855822,0.03446236588931883
1224,-6.953106889353805,0.0029552316665265098
1225,-14.017241967188733,0.004582409416878256
1226,-6.736503456004256,0.0851018308657113
1227,-6.895925400469348,0.006401888002482717
1228,-6.001,0.0301044199606481
1229,-5.650030575576148,0.9029024874924155
1230,-8.95926445671095,0.012791289184293586
1231,-6.001,0.008265128714849811
1232,-6.6256822173917165,0.022055056210514335
1233,-6.67532549216045,0.0038269332768247253
1234,-7.183228324229127,0.025948076511550906
1235,-6.9016299227015665,0.014237908449825809
1236,-8.034324342042174,0.006366569667752031
1237,-7.454255177528788,0.0038843949652913995
1238,-6.8800609670247885,0.017550995697340147
1239,-6.623767190198288,0.008824811603587087
1240,-7.648799694744293,0.009953756977514085
1241,-6.792414444239284,0.006224799491575323
1242,-8.180275795267931,0.017665900959998624
1243,-16.04604944167387,0.012167658104350164
1244,-7.655106527587751,0.05361225563894524
1245,-6.780927392691521,0.40984340470697816
1246,-15.975037352407746,0.016973333544090703
1247,-6.299760609833633,0.6544699656746656
1248,-15.705125372564689,0.014809218476602737
1249,-7.828784578421368,0.004086517435678418
1250,-7.604177188120121,0.023829363723803645
1251,-7.3466031828219345,0.06848063739655566
1252,-6.63463436446695,0.008397604015453778
1253,-7.08171411620878,0.07566916000270607
1254,-5.291161868779655,0.9365692094946343
1255,-6.14459530374522,0.006392225939998104
1256,-7.038395158056821,0.00616862223969656
1257,-12.880666381482278,0.012180720433698649
1258,-6.688663728679707,0.011553889505273628
1259,-2.637891023654948,0.8455639980814871
1260,-6.001,0.006123294272055532
1261,-6.809491130192502,0.17547331784782877
1262,-15.218859363882702,0.01284237573688782
1263,-4.64540752991853,0.9261548773007149
1264,-8.326012369293398,0.006337720601408682
1265,-7.223215244965694,0.04178271511899591
1266,-6.001,0.029565183772656406
1267,-7.9764577601176585,0.00482776497356953
1268,-6.001,0.0031547959958535504
1269,-6.705134634982472,0.006850296241889376
1270,-6.018568763865133,0.004492115850691276
1271,-7.326713678448678,0.021862981390007644
1272,-8.836003895681328,0.006922038117949526
1273,-6.2622173772772,0.6619001578446161
1274,-7.5140163222825365,0.004835392495156087
1275,-8.310528210792288,0.036516267089752495
1276,-15.17693835582701,0.028105833297016884
1277,-7.804708449261729,0.017703642749092127
1278,-6.537694730109176,0.015062050890451508
1279,-7.3317995154099656,0.009656485533515153
1280,-5.670092707466005,0.9696543422294156
1281,-6.442843435309067,0.006397926559693708
1282,-7.178783724990174,0.07763300710152941
1283,-7.769633661028906,0.003304650150560363
1284,-7.121090824469936,0.0718399225749347
1285,-15.320640603039712,0.00742222155813806
1286,-7.377584584198322,0.006532406204642873
1287,-7.084959476404516,0.01610139117125343
1288,-7.2626378059473335,0.008558477124087777
1289,-15.315207378365162,0.005484510934984281
1290,-6.178874087435299,0.00907013186304018
1291,-7.249480201702965,0.004639994064775232
1292,-7.843467121797778,0.014838424732826145
1293,-8.065808150357576,0.008780260619932947
1294,-10.699019182584754,0.004469989568197775
1295,-6.001,0.007427743083912297
1296,-7.923398215873066,0.04044071740619182
1297,-6.83960963019367,0.024224200740083024
1298,-6.127413576795901,0.02012957582401889
1299,-7.336077177164182,0.008722249422782989
1300,-6.001,0.030735404221685636
1301,-8.35104270568284,0.01221495916671338
1302,-5.9057246514475406,0.9124395511151177
1303,-8.647910430170134,0.021378837130651657
1304,-7.9367759984503135,0.002613250987052833
1305,-7.577042175856765,0.07692770217908627
1306,-15.736273508239083,0.010401052909962464
1307,-7.464465420695406,0.009757705923359197
1308,-7.240612023296198,0.003269791550134495
1309,-6.948460598099663,0.011838494248832593
1310,-9.442335369251738,0.017448924888501856
1311,-8.003083999241365,0.010950966324411957
1312,-6.001,0.0029355339319280457
1313,-8.36973546099097,0.026393168008116086
1314,-8.915084960881874,0.0032052765903007614
1315,-12.834162875813288,0.07772686258885195
1316,-14.509727840374179,0.01678150372570145
1317,-7.873533157173539,0.00745439471889822
1318,-8.291702212696586,0.003082869310123663
1319,-8.914310921940363,0.003593124653652735
1320,-6.922210180573703,0.16719245059467058
1321,-14.791376307517508,0.02704378804015508
1322,-8.966041702810445,0.009186558286542334
1323,-7.662628542183514,0.02335180580008071
1324,-7.836740906330513,0.006318216611024001
1325,-17.029385668610843,0.0075032906283461764
1326,-6.0,0.7847041559708575
1327,-7.705757413658286,0.026572040847982745
1328,-7.730985983138046,0.00670857564100847
1329,-6.586855253176921,0.03433878800312472
1330,-9.03192793003287,0.026834901283972343
1331,-7.164086319024936,0.005360055538100579
1332,-7.756728353567222,0.003390269307660878
1333,-7.61616911726049,0.0077823468815275245
1334,-7.933426987130963,0.006262298159127084
1335,-5.776486319159731,0.8871426273516084
1336,-6.001,0.011433548440352726
1337,-6.687268616456606,0.00891332914295255
1338,-7.387992604305262,0.015221100879886517
1339,-6.001,0.035841104150355754
1340,-6.001,0.010165132770666888
1341,-7.161130913713962,0.0031221271076319742
1342,-8.059330660915634,0.01076412070839904
1343,-7.530724096090424,0.00847929234456256
1344,-6.001,0.006104825106731361
1345,-6.759939294839294,0.01375790238542167
1346,-5.374716172116816,0.8096075430186492
1347,-6.40238083405554,0.007873509105649285
1348,-5.416683167886935,0.9152465349922662
1349,-7.6339257563251515,0.005326344350085659
1350,-7.147507873421667,0.006796213766953379
1351,-16.12901678841532,0.020578080339357846
1352,-7.136560498583288,0.005209120779947529
1353,-8.463263769364865,0.032362832167552535
1354,-6.99172511029258,0.006829562442019143
1355,-7.63675629485729,0.0028970554717537987
1356,-7.673058437579327,0.008979888927634348
1357,-7.591518602452411,0.0100751297297615
1358,-7.346855385441264,0.039229081284474644
1359,-8.462961632558457,0.013029520777723048
1360,-7.536573983305036,0.007427627334839011
1361,-5.616471981441054,0.855152262392284
1362,-6.542686280383908,0.3099719878364461
1363,-7.866714269835224,0.011656844562653623
1364,-7.215236413664366,0.010270699039388315
1365,-7.481954050468309,0.042435187413314014
1366,-7.936922860581481,0.030499195425615386
1367,-8.959881440560668,0.015487368096356402
1368,-7.038638505159378,0.03313456628327972
1369,-6.317019384731194,0.01584335380555462
1370,-6.001,0.007824270976620291
1371,-7.166816757447147,0.008031570564174124
1372,-5.314842465721368,0.7428960469781559
1373,-7.0860154546221885,0.010484195985664232
1374,-8.771222724433187,0.023063835535011214
1375,-6.989355174592413,0.04186885298090134
1376,-7.872077966157852,0.019941854889463227
1377,-9.170665064263694,0.03524224958936612
1378,-6.218050466844408,0.13467363659922613
1379,-8.146872438336707,0.004299357848944556
1380,-6.2291273891073935,0.007354997014700838
1381,-8.110270130579705,0.005992245466900806
1382,-7.014817177041044,0.00641283049319979
1383,-7.203555674629724,0.08025471935495096
1384,-6.926503215110163,0.044943481944473
1385,-6.738858042473444,0.12941731664517514
1386,-5.193586596650744,0.9220814428518935
1387,-6.001,0.06418567178561882
1388,-7.279309754512165,0.009836809970745214
1389,-6.930816063814156,0.03209593066343281
1390,-6.845016127133063,0.15178785902698846
1391,-7.965290819115835,0.010660909494081399
1392,-7.871952860465462,0.060809980205360464
1393,-7.249488821209264,0.2533469116999063
1394,-6.732696232409808,0.007430232332952652
1395,-7.457046186307219,0.007497133059857629
1396,-7.655552578502428,0.04446242442274175
1397,-6.707575750039965,0.006932796969897871
1398,-7.399599152697082,0.011514147660197172
1399,-8.881823396954122,0.012815299138142229
1400,-6.41120325451924,0.00806622475820426
1401,-6.001,0.048001647365250734
1402,-8.131893947035255,0.006118382133866904
1403,-6.001,0.010641911656580653
1404,-7.872573065308179,0.0060347893659896575
1405,-6.99079095395914,0.017072092769092374
1406,-8.876861992199402,0.00966480556819643
1407,-8.679218757467034,0.015324406609984072
1408,-14.813669508727319,0.02900087778787397
1409,-7.895086979032255,0.007063040783746327
1410,-6.168976265444092,0.015922435039240467
1411,-7.634713978632834,0.0030422342510089003
1412,-7.442732892163384,0.009107514766029095
1413,-7.299885385177681,0.006341271727958017
1414,-6.001,0.03427602619979987
1415,-7.799184769333142,0.007584589999901343
1416,-6.896569207846818,0.11346401446884048
1417,-15.148513222419899,0.00891866841628438
1418,-7.011415522617486,0.009768354882018526
1419,-5.6204100682251,0.9085382814702432
1420,-18.788013724153842,0.011789838351325828
1421,-7.9145783540837,0.0040376958459376385
1422,-6.001,0.008817775602691333
1423,-6.001,0.006665160602853101
1424,-7.50196788411564,0.005325339542373791
1425,-6.742724324255328,0.00833261069554146
1426,-7.150579068096923,0.005797069857276417
1427,-7.732544325969085,0.017606033416679875
1428,-6.001,0.049044388330139396
1429,-7.797028899494666,0.005901613039447641
1430,-7.747818774285057,0.031098898222535563
1431,-6.639786569746611,0.18030867606571205
1432,-6.982469023284791,0.06011161069667513
1433,-7.682238994185403,0.006466564121556549
1434,-15.423549853381315,0.027901859690536303
1435,-6.001,0.03705521229443448
1436,-7.723947568885546,0.04233949131863878
1437,-7.677228215059279,0.011807380108297766
1438,-15.867317876230938,0.013197126641497138
1439,-7.986771503770032,0.007754005612336543
1440,-7.263656460136104,0.007581545872956526
1441,-8.313723080225289,0.0040753295459404724
1442,-14.60968199951889,0.030345872484559902
1443,-10.826341682277503,0.04280815683885916
1444,-7.188717784847788,0.006840137046959441
1445,-6.796383350637659,0.00830705923169847
1446,-7.643230926986127,0.015921705940964672
1447,-6.913870307761786,0.004978962485874942
1448,-4.052250362008582,0.883992496758651
1449,-8.087423859836335,0.01996968324767582
1450,-6.311160525099057,0.011183387582288472
1451,-7.995834066676292,0.018441756171674185
1452,-7.459084462009858,0.11075364848931875
1453,-9.18662788137207,0.008060069636225124
1454,-6.153046954419442,0.004429325496544599
1455,-8.61734546330264,0.007226760284080346
1456,-7.2263527563486,0.011575560705839375
1457,-7.451738575560521,0.015137070577173794
1458,-8.977106857447563,0.0074450644209824585
1459,-7.5450806724728166,0.007339043212250082
1460,-13.714683190629891,0.10217976158749503
1461,-6.590874673569298,0.10778529987699016
1462,-6.83584171950002,0.13499421081763097
1463,-8.617086734073514,0.007736047267070318
1464,-5.496075364199497,0.9381837876257337
1465,-7.381983157662711,0.05401889395397282
1466,-7.660098293628191,0.0042309555855094974
1467,-6.396430530549594,0.04712000189735948
1468,-7.397624388487791,0.009047054585621507
1469,-8.219905516866245,0.007239280295362185
1470,-6.001,0.02508534424332449
1471,-7.018983104037314,0.04828380791803913
1472,-7.191913766104992,0.027059105729971753
1473,-6.16782094177362,0.009009528497764744
1474,-6.198817761163558,0.007175322702334434
1475,-6.862113490639581,0.019526445751716085
1476,-6.001,0.00689748024066636
1477,-7.363945418210466,0.006375071349422212
1478,-7.209347084431073,0.0075059367884783
1479,-7.233359851484197,0.017025661632254295
1480,-5.283579245908562,0.8795439896382008
1481,-7.322378794626113,0.009258513198345787
1482,-8.126960090373005,0.011422826456968736
1483,-8.130257537904866,0.006068658959235084
1484,-8.006807099125242,0.012309044689633411
1485,-6.894483874715338,0.006301336253052239
1486,-15.623840052182834,0.028338175033695276
1487,-14.775598313504815,0.02594482077279928
1488,-6.546821815120301,0.004117194504754882
1489,-7.2310279074642905,0.006200238497996203
1490,-5.36464706876217,0.891962792451198
1491,-6.329185538843067,0.16672429509070397
1492,-5.939364247589576,0.9265258620366461
1493,-6.938434632999357,0.1843537717204306
1494,-8.86898397833729,0.02721574067207453
1495,-6.001,0.00875968196049854
1496,-7.996787636491227,0.01644292650235641
1497,-8.583803014897175,0.004765539437769883
1498,-8.855370019882773,0.012140161491066356
1499,-5.7773149383456825,0.9690394644427266
1500,-8.835585285988524,0.010301239207775646
1501,-7.792218878072005,0.007194923288110462
1502,-6.890864060853457,0.008079033038561114
1503,-15.938244859673322,0.013267609755921814
1504,-6.848807501717497,0.0071320906872961365
1505,-6.6215335006030696,0.009771778075585899
1506,-7.832982418558892,0.012696638312161581
1507,-7.296729108085947,0.005620709935330771
1508,-14.922666518129127,0.011868597618083516
1509,-7.284978970811855,0.004275558137626733
1510,-6.323665415326654,0.015959378053543458
1511,-7.219531149904917,0.004564404748241152
1512,-5.392717776687739,0.8566683720725572
1513,-17.788102837324406,0.014587266436388526
1514,-6.525555794375017,0.37069985505504255
1515,-18.35652532284506,0.010551550258703916
1516,-7.666996040636526,0.01390713506944466
1517,-7.92351841377639,0.027323904086770004
1518,-7.773008279574452,0.02037775676685513
1519,-6.363913021516791,0.005861301127948188
1520,-7.521419131611346,0.004926276458292543
1521,-6.717697654880036,0.32974526753587996
1522,-6.389615136181585,0.00832470392935295
1523,-9.776108358017996,0.037844492745222835
1524,-6.766980600421293,0.010316096635817978
1525,-5.917559211958705,0.5827445957800428
1526,-6.0,0.9169596186800887
1527,-6.5358783067509405,0.1943171318527992
1528,-6.001,0.011636447241731775
1529,-7.307709051235025,0.010601229782213109
1530,-7.024212159875469,0.009365594049269631
1531,-7.1328103990929,0.014877116701548855
1532,-7.877155069100517,0.007341735723702402
1533,-8.354177984352257,0.011598862694321312
1534,-7.18899328341564,0.10135118533756
1535,-7.49613179520266,0.008962680030349763
1536,-7.604265652245153,0.006598036901713737
1537,-7.665425367950791,0.01595541282471546
1538,-13.693539656716126,0.011974885219897504
1539,-8.058770779887178,0.0035217691752907287
1540,-8.462945998886696,0.03721162268529726
1541,-8.695135083595545,0.0048836949479701955
1542,-8.807977604303034,0.019760483470142896
1543,-6.708809746509408,0.025096680010421236
1544,-7.556627704291798,0.004737083423279918
1545,-6.784011271039153,0.004683629742337962
1546,-5.522238244184252,0.6157968545898316
1547,-7.215700383153564,0.046106115513146105
1548,-7.582201101765576,0.008196759727126957
1549,-7.460681801526354,0.006607510680409469
1550,-7.6357688169607645,0.0054759597503532655
1551,-6.590509795195887,0.0074333610521173064
1552,-7.064551215739698,0.017384332606328018
1553,-6.001,0.024134093889594185
1554,-7.547508925158061,0.017502244999252573
1555,-7.858183382340311,0.004366258208559166
1556,-6.001,0.01669609997380515
1557,-16.69424974607635,0.012354717922133458
1558,-7.29954424025792,0.005340323668123488
1559,-8.92938366542305,0.004908607581056117
1560,-6.3417728660988,0.008286275529226316
1561,-8.26591958648072,0.006208878458984946
1562,-7.234995685337297,0.009712844626092279
1563,-6.001,0.023988896845254733
1564,-8.17411456237092,0.0038812279677105732
1565,-5.025766908022038,0.9453361348726379
1566,-6.001,0.014166165291190264
1567,-7.267726575394023,0.14558445679515927
1568,-3.4929764342630305,0.8730590670736057
1569,-7.221189556157254,0.011389638789622581
1570,-7.521138854014649,0.007713873135366223
1571,-7.325576036714719,0.06738386036341855
1572,-6.186002559542646,0.029566194252170493
1573,-6.077931262740936,0.5484424874291701
1574,-8.93278251443414,0.005333998659101948
1575,-6.521768636749702,0.0064287804042859956
1576,-8.174906349762152,0.005496558148835441
1577,-8.68661501268021,0.006001517547638062
1578,-14.103044388777661,0.006228549543409028
1579,-6.728210871295225,0.009588745610099073
1580,-7.027225934000212,0.02125180650271553
1581,-8.15940882575777,0.01645111607295846
1582,-7.7146487699003155,0.005225506292478987
1583,-8.119694849542933,0.020866503897774964
1584,-8.417957059347398,0.013721299644866243
1585,-6.001,0.006595382665665026
1586,-7.087294104822853,0.06736600348675054
1587,-7.289601916248163,0.009078364003232578
1588,-7.831431926369157,0.010088848451127222
1589,-7.48940667010106,0.005933130695618168
1590,-8.44444484506642,0.01194634075968419
1591,-7.380318620000638,0.004733752500528957
1592,-8.212451931714016,0.005142336469852838
1593,-8.711298446304124,0.007483872460846388
1594,-7.231801126283898,0.006242329040837112
1595,-6.092862549737866,0.40664520179581587
1596,-6.477175732394629,0.20005095068107184
1597,-18.95514363196739,0.013573138330542052
1598,-5.42250903925545,0.8389030507142877
1599,-7.189546046156234,0.0065886851723908225
1600,-8.084159307223958,0.009366242349380308
1601,-7.738215092095679,0.008510600764988689
1602,-7.386188862012979,0.01739481472807818
1603,-16.128395559243092,0.006623301382539891
1604,-7.034260325508978,0.007002369018867671
1605,-7.168517954044107,0.028954488070420777
1606,-8.637136602289058,0.019026103535822247
1607,-7.468609528642004,0.019812059093088485
1608,-13.409036733558796,0.07939344117881274
1609,-6.5464565513802295,0.008394079454212583
1610,-8.880931524080104,0.009359348442448562
1611,-6.345926957575795,0.23484926224520353
1612,-7.315930754016513,0.027187194298268793
1613,-6.5220767011873075,0.018096444418229374
1614,-6.301594595948324,0.009131805912167248
1615,-6.506106250682008,0.16463549044618792
1616,-4.9914043433887185,0.898352858220872
1617,-6.4859624996770116,0.01725827855927667
1618,-7.786729038918896,0.015429458216833475
1619,-8.720139586869173,0.010141658440070459
1620,-6.901183649674277,0.0939771111988471
1621,-14.123376462289112,0.02352380455620218
1622,-6.0,0.8025893476084329
1623,-7.042445652097414,0.015691781336064626
1624,-6.001,0.006104183827777818
1625,-7.23280585277132,0.005079689201874927
1626,-7.143367058658443,0.07816006572746234
1627,-9.124131932767249,0.013314887271209889
1628,-14.30783227703605,0.009529610889875452
1629,-7.869308927639141,0.006498327654835026
1630,-6.838408566060513,0.019360742526991877
1631,-6.347621313095505,0.06649357890881802
1632,-6.606201341055336,0.014323093315451476
1633,-7.836010731646017,0.011710569489280767
1634,-7.309443226745189,0.012456453855283387
1635,-10.757433169664026,0.003789732782658974
1636,-7.272107343243198,0.005071271889695199
1637,-7.039170975767391,0.00795345499656011
1638,-7.472090327148528,0.006392399855220136
1639,-7.4601883984189294,0.006144368840618598
1640,-8.695239230283914,0.007785298222663828
1641,-6.2872807918497555,0.005282554813379201
1642,-6.001,0.12567114951464226
1643,-15.526839243715433,0.007198998601769515
1644,-7.9404937388853405,0.006093119906023921
1645,-5.115522791907512,0.7847132512222096
1646,-8.441164752160017,0.017429428182419358
1647,-7.280052899579282,0.008023909321684047
1648,-6.001,0.005098314600207367
1649,-7.57675598904882,0.0274079090748457
1650,-8.000788877780302,0.003057369632620347
1651,-6.001,0.013222781258470897
1652,-7.708383538065657,0.0041995075100961276
1653,-7.653313912883291,0.006938821210470189
1654,-7.625119937953817,0.09469063602831748
1655,-7.741651401170782,0.04137236068814773
1656,-8.121300651087989,0.008668222657875778
1657,-8.466021688851026,0.005421762371183375
1658,-5.370023978871317,0.9380600221540533
1659,-6.136271078856867,0.531872084819385
1660,-6.081290603104027,0.1922954672538028
1661,-7.679387696727449,0.024509769823665227
1662,-6.901882990853213,0.10361754318132055
1663,-6.940106751801462,0.016509022710269973
1664,-6.403274002288999,0.005704832735138784
1665,-8.966437688085199,0.0048171932195425655
1666,-6.001,0.06254842840551586
1667,-7.517394219890166,0.005601894998900214
1668,-6.9398390085950625,0.013405105828786543
1669,-6.794430746905644,0.08892735173599457
1670,-6.644649927333227,0.007922802846298286
1671,-7.440035015427437,0.0063169103079151875
1672,-14.259042551784058,0.04331335851340491
1673,-6.617316399457637,0.007373227168951859
1674,-7.998053881063709,0.0058927040815880015
1675,-7.8077073740538765,0.005814003530831777
1676,-7.88484798679355,0.0035054683958758025
1677,-6.607581628792715,0.16974661819412
1678,-7.233804156945614,0.017098256502177275
1679,-6.001,0.01608530317346616
1680,-6.6047292932422685,0.16121977821431965
1681,-6.001,0.017555801929808778
1682,-7.6327555694223035,0.004593483768832717
1683,-7.927094360544237,0.011303423842314364
1684,-7.2443575652218275,0.010859496428046641
1685,-7.339435948603855,0.009097336095548322
1686,-6.081065745543436,0.0353912364086052
1687,-7.074782476006637,0.009570576075105312
1688,-5.553793834770178,0.9129385523268837
1689,-7.026646261218935,0.013284158427753634
1690,-7.808350988528051,0.16647354076133863
1691,-7.588967258328344,0.004779291740691396
1692,-6.993314497364516,0.026755828832099898
1693,-6.001,0.0044097033761269135
1694,-6.232014766846009,0.016777200297600485
1695,-8.71033855921819,0.013496599869148243
1696,-7.7763852650760175,0.008525550899773308
1697,-7.565496867603467,0.060784224900080085
1698,-16.269514416550933,0.005209453690639907
1699,-6.325197744773922,0.39883741550610013
1700,-8.35530122098598,0.0051064727356863035
1701,-6.921684334290874,0.02375066995110753
1702,-6.807880604761463,0.03098730485801791
1703,-8.412083882404772,0.026486383112525134
1704,-7.426777294501714,0.005791534437344866
1705,-8.27955371544326,0.015306903343893561
1706,-8.093870788929937,0.04761741082123794
1707,-6.322006594136182,0.018578769057765062
1708,-7.0203351484557555,0.012768658447494242
1709,-7.164677252773747,0.05522891527246251
1710,-7.685298482190779,0.0074270878727392175
1711,-6.388258123935552,0.011462174637556354
1712,-6.2319778681582045,0.6969710313425163
1713,-8.645843408342161,0.010181626897138285
1714,-6.001,0.01876347544169254
1715,-8.5463716314405,0.010027482862806475
1716,-7.7528137177029395,0.006946642293418305
1717,-6.7787081800357,0.03750437574740259
1718,-15.058131628779336,0.01649933676729075
1719,-4.65142797664997,0.7287292743411886
1720,-8.467871834627411,0.010514638878287226
1721,-8.145211581983268,0.006492390959611358
1722,-7.496906164738108,0.00591098784904166
1723,-6.80638087193911,0.011586716000061368
1724,-7.510428663482721,0.006113599541244048
1725,-7.524447322050813,0.006421261175025341
1726,-7.583676710132785,0.01582423954363025
1727,-6.987475889637847,0.008616828754145971
1728,-6.001,0.002857108140667398
1729,-7.255231380948043,0.021961324962178414
1730,-6.9472544686883015,0.02344502382225308
1731,-8.060997603811852,0.007875450806523765
1732,-7.84078602445463,0.005661549966804498
1733,-5.661087566404276,0.6041238062175455
1734,-7.69726700720412,0.019010282666106833
1735,-7.62767768954792,0.003505319515692276
1736,-7.747525811030359,0.005766095088403143
1737,-7.960600305776927,0.13494760603070882
1738,-7.802363459408669,0.009564526030717507
1739,-8.594645134359846,0.004337131943255344
1740,-7.634947912569247,0.0050739866717497886
1741,-7.3660017416235775,0.005395229751690527
1742,-8.4036680589026,0.01928759703296393
1743,-6.901098283101752,0.011496986663725846
1744,-7.964806129914619,0.016610119579395916
1745,-7.729831473247686,0.006213481822171563
1746,-9.004824879643746,0.00584318145984054
1747,-7.887230342241511,0.013291885114204737
1748,-6.162075249006889,0.012519579594590876
1749,-17.947100872802956,0.012426868606886795
1750,-5.500003753155176,0.8136078931394789
1751,-6.001,0.010858230907282537
1752,-4.899382378171875,0.8273582162666062
1753,-15.41213382430441,0.031936266000841915
1754,-7.452524198286476,0.0035935698248620736
1755,-7.894501796288343,0.027920984918791778
1756,-7.563115330380177,0.007565237149250135
1757,-7.852412218590138,0.018139023933985303
1758,-6.729144014347866,0.0031696870394529986
1759,-6.001,0.010518455176570851
1760,-10.244683290999761,0.021567464414160638
1761,-6.893950198387355,0.011978405845882696
1762,-12.65076008496192,0.012535880354630486
1763,-6.9249145945124875,0.007875270984980245
1764,-7.705261088653932,0.004846499250588919
1765,-8.26144734592247,0.005112109536074495
1766,-17.187331318499105,0.011576320699276407
1767,-5.093688512336174,0.8670560002623966
1768,-6.001,0.0055876577585204
1769,-6.503819869107353,0.017742209120591775
1770,-8.038849259519708,0.00585860133357876
1771,-7.903639299449827,0.0050967591725714165
1772,-6.001,0.005655136509926814
1773,-7.907649330449357,0.005343356667812757
1774,-7.745830815801231,0.007186906373466302
1775,-6.815270651806459,0.007187818020396469
1776,-6.466728824886643,0.32147665630349537
1777,-6.6313698078952035,0.045489429906134415
1778,-7.230673614178524,0.006569787598205055
1779,-7.0692570446701435,0.017236786653327136
1780,-9.109260783230328,0.006643820736148892
1781,-7.363368383132413,0.006388602515948718
1782,-6.4032555620032205,0.01090302492353273
1783,-5.281349833359767,0.928065606372121
1784,-6.001,0.013139497687075771
1785,-7.291004821215234,0.00889522210823248
1786,-8.223635791454754,0.005400503767725932
1787,-7.535836449499493,0.011719315253100396
1788,-6.6517846987337705,0.010480623213589635
1789,-7.902249713743178,0.021835541383072463
1790,-13.762586788933415,0.016045202554844068
1791,-6.0,0.8617099729702957
1792,-4.403783927644614,0.7552467161290211
1793,-16.137107136792093,0.016397551008123654
1794,-6.702744673946535,0.02329461988901511
1795,-7.268675254156911,0.008804392995746054
1796,-6.001,0.006773918796784426
1797,-6.542735292354737,0.008436999472035184
1798,-7.815188379464213,0.0040190102618192025
1799,-7.864906686173612,0.011692639640465742
1800,-14.413386715789612,0.028440171564836962
1801,-6.630559274798205,0.1408651042723396
1802,-7.7876520069549775,0.010552965070049327
1803,-6.684935841673788,0.009993315283293277
1804,-6.826407068250714,0.012078867691770283
1805,-7.277767476112693,0.005540108764126161
1806,-7.269329105483313,0.00410060439816464
1807,-6.001,0.007504935475505783
1808,-6.994323248453476,0.008588950914194381
1809,-7.608550072287395,0.005852045058327611
1810,-7.123425198559014,0.011153767548063456
1811,-5.356814069503776,0.7629666909987315
1812,-7.323666227847676,0.019776364969398046
1813,-5.594164195741127,0.8391181392693455
1814,-7.788727159214778,0.00801919200103546
1815,-8.064723727386859,0.00513785617479029
1816,-7.5089144778465435,0.006904696161062738
1817,-7.539971608856542,0.0057044683537891055
1818,-6.795945155575679,0.007168853069401004
1819,-6.94735866308338,0.009531397211506856
1820,-6.917873478209583,0.00864214839959296
1821,-6.0,0.7439875844309908
1822,-7.49901881649799,0.004778515504426417
1823,-8.448869706500597,0.005228187934089199
1824,-7.39957582514963,0.011489409164484625
1825,-6.001,0.00818313449760254
1826,-5.594726951519338,0.7680222257786062
1827,-6.614849365683868,0.042070771070655495
1828,-8.118313048767241,0.007683354992415506
1829,-4.551943370931783,0.9160184227046416
1830,-7.814153999006566,0.0063826691918018146
1831,-7.056573436213231,0.03759014575364735
1832,-4.169212731113533,0.945316208908668
1833,-4.427385773591826,0.8308524163315514
1834,-7.623602191751544,0.03904122896949118
1835,-5.7255327654998664,0.9161965010471081
1836,-6.29412379154578,0.00402888134818828
1837,-7.547132608551484,0.0055724293283279
1838,-5.800466078944237,0.7603096094862847
1839,-7.479343051593611,0.013339039404379869
1840,-6.321283006775512,0.016756090439851525
1841,-5.480409533044242,0.9186251202814905
1842,-5.453599525186607,0.8982428244383015
1843,-5.788290343621453,0.9564839444918937
1844,-6.365587511010657,0.005935477255417745
1845,-6.661398363863211,0.09812435275658409
1846,-7.225094150253738,0.025284715657433808
1847,-6.992504296766837,0.0037744502201447912
1848,-11.187547480601104,0.02167896295156024
1849,-6.0,0.3802268266480596
1850,-6.70261833614987,0.0830421296694492
1851,-13.448789177297119,0.018553482893354012
1852,-7.16774847421957,0.008300749021063574
1853,-7.564459884350842,0.0072101281708831
1854,-7.410709039837819,0.009731329146977148
1855,-4.728048589241908,0.8779050070898979
1856,-7.059197282567651,0.005904034716301103
1857,-9.008549649252664,0.010583357314058428
1858,-6.156312448549247,0.008884053634930545
1859,-5.934433182539489,0.9040080582667696
1860,-6.121094222925155,0.007379765210832214
1861,-7.416210806851293,0.030895462355400062
1862,-7.428347237198279,0.0050843136618240895
1863,-7.093729929970087,0.051256530284916384
1864,-7.653978871784998,0.01481307998772432
1865,-7.307637248971149,0.0136545069529941
1866,-7.892786982169764,0.005374976749930098
1867,-6.833714826949417,0.009986599071576991
1868,-7.282698654164433,0.0023993532882433297
1869,-15.807347566363989,0.007859237624009006
1870,-7.089644909177473,0.03593085700434783
1871,-7.213565682067065,0.025215268697393656
1872,-7.0709081128607485,0.31332302418020974
1873,-6.946718534419418,0.018442264191363678
1874,-7.692476835090072,0.009753978919676061
1875,-7.760810415430963,0.0059295994479836005
1876,-7.634357597539627,0.006953691845369629
1877,-7.529885531721299,0.0065471172971210065
1878,-6.001,0.025689980268359724
1879,-7.289782015205035,0.1694246080011236
1880,-8.213770952125866,0.0034909331188486183
1881,-9.661663542610679,0.004707696701898914
1882,-8.623526313147465,0.005093077411288915
1883,-7.342100633132473,0.0021259840398350346
1884,-7.927882866990944,0.008694252095898646
1885,-14.497435887895639,0.008664742917701036
1886,-6.999672926474243,0.038113168666694744
1887,-10.802683604632701,0.013722642329875086
1888,-6.854092670199821,0.1220253424403536
1889,-7.224310303345432,0.007184876774516333
1890,-7.2824002718336365,0.01633056818325275
1891,-6.714406012277381,0.016832240836851094
1892,-5.416113330622023,0.8377889402459139
1893,-7.443946312379583,0.017768130168389993
1894,-5.884363131742337,0.9395016038009933
1895,-5.947418884891265,0.8958549801987132
1896,-7.768182886085163,0.020884420108128632
1897,-7.41862378571448,0.01338455909989684
1898,-8.800960516937288,0.004495937839061778
1899,-7.2072243348746605,0.010268686248928308
1900,-5.4752218719520815,0.8896601199627746
1901,-7.260101121360821,0.019485566932724543
1902,-6.001,0.09334221063680218
1903,-15.666864729390701,0.04404269396789321
1904,-6.19852907038175,0.02446847305922352
1905,-7.287465391561361,0.007160192039839747
1906,-7.525101171613631,0.004445891851751633
1907,-7.468450323296881,0.007362617393459514
1908,-7.346192257025477,0.005773905023723904
1909,-6.8194941913374105,0.009112527441234515
1910,-6.358140568072874,0.05476945922262648
1911,-6.432859041309957,0.025194132264408624
1912,-6.515370344665728,0.011883433358401434
1913,-8.183641594439994,0.018575960521963798
1914,-6.8713616352402695,0.052652492378708726
1915,-15.238186875653168,0.02690152135710378
1916,-6.001,0.0031551713498535953
1917,-8.838992410924234,0.01564192473086191
1918,-15.385883500948001,0.006948874587812238
1919,-7.873859577970447,0.0058314955251046125
1920,-7.96733383563419,0.0078729718626323
1921,-7.701352111678201,0.009108709091113236
1922,-7.444835541877905,0.005347543295726648
1923,-9.025146197270754,0.0061246880575289465
1924,-8.332749135771113,0.006088731564312522
1925,-7.793340753676329,0.0032373816627099456
1926,-7.51262087230919,0.007153341038437154
1927,-7.803192659307096,0.01800813855953458
1928,-7.346658342683592,0.00295754612942259
1929,-6.661923200285283,0.03167357900956973
1930,-4.84583572511336,0.865638892941265
1931,-6.391955370286308,0.09078591004270534
1932,-6.656440437312177,0.023193281467665198
1933,-7.373040828434651,0.05437938529717294
1934,-6.192894566064771,0.560743094883716
1935,-9.059908172801435,0.012107334641440532
1936,-6.805000002607869,0.014139858700226307
1937,-7.69312333312897,0.011499989464009708
1938,-7.782929150960569,0.02679527169942956
1939,-14.826102546193809,0.029843054943754294
1940,-7.0823397314559084,0.025050885792647228
1941,-7.29536681357767,0.049901157029225394
1942,-6.001,0.009853370429069178
1943,-7.503853545933397,0.005649543872087337
1944,-7.727201764769699,0.005141998928226452
1945,-7.700130404762559,0.013012665942449167
1946,-7.387770909031294,0.00570668569818456
1947,-10.984782695904956,0.05982056591422067
1948,-7.187847552008228,0.1463653272223568
1949,-6.700757947687013,0.01940798154216931
1950,-6.720919852769805,0.025441933706757666
1951,-5.376367914416909,0.9348532828363203
1952,-6.996732641597981,0.01745265524352347
1953,-7.028028624287307,0.012761940826716944
1954,-9.339260558928345,0.005214564922598251
1955,-8.33894689610199,0.01098854634666206
1956,-7.322020799064289,0.006877150913484888
1957,-7.722917074010422,0.007774582313058039
1958,-6.419777124544832,0.07787834145421689
1959,-8.871346940386557,0.007709542722511354
1960,-7.703966156183343,0.008939524318571668
1961,-8.110928751113502,0.005847324132767913
1962,-7.579491222217341,0.12162370825097196
1963,-4.910040221903128,0.8456622265469521
1964,-7.506021810639007,0.014817710468144014
1965,-6.193004609928285,0.5679676590296769
1966,-7.557211908235034,0.022148758394097075
1967,-7.726614525222107,0.0036262610386927907
1968,-6.976154766351814,0.012680836869690496
1969,-6.9463541073070685,0.014712182657413943
1970,-7.177386436723831,0.08830695860728287
1971,-6.667127257514844,0.005049551693510161
1972,-7.887263264217485,0.013305890614898112
1973,-8.026182116059978,0.004644648688548796
1974,-7.562078464630617,0.005684567777902219
1975,-10.066018173377197,0.016492810607123633
1976,-7.664720377111559,0.006737146986909154
1977,-8.041931915556924,0.0037914186452059203
1978,-6.425683124842196,0.006268806306861309
1979,-8.37460793311708,0.0052367775060584675
1980,-7.574145627374424,0.00476360231227142
1981,-6.391393999945663,0.011111479346285457
1982,-6.001,0.008215593551687002
1983,-5.725756955668123,0.7792700882382092
1984,-3.8525817197855776,0.7081634838867439
1985,-6.387943655436112,0.03269749148552489
1986,-17.7002559414751,0.008600943425710134
1987,-6.001,0.05856426659791168
1988,-6.0,0.8381890259644998
1989,-7.389814259414033,0.037068868305695786
1990,-6.968233574192384,0.012246917119417383
1991,-7.803034612460303,0.011920860923319126
1992,-7.6493524566942455,0.004517768671281486
1993,-8.125533688742482,0.007588741411554661
1994,-6.001,0.010736776838101567
1995,-7.827778771132258,0.007676142871413566
1996,-4.962619768235634,0.846734977758516
1997,-6.9052472741332735,0.03230753268472062
1998,-7.543261602693957,0.006010450246545629
1999,-4.952660180217758,0.8595890674428457
2000,-7.727260547339229,0.006096943794401803
2001,-6.973383545284279,0.012491203770495498
2002,-14.469655741094288,0.03584025945342979
2003,-6.001,0.055271421017465586
2004,-5.412879004973319,0.8781718340087713
2005,-7.52310765812909,0.012033214566319204
2006,-8.278098500712698,0.05837278989427262
2007,-6.001,0.007460711459647599
2008,-6.960384404608546,0.009669790179440339
2009,-6.262801372680929,0.019281168469483145
2010,-6.202143814661367,0.03328714902047973
2011,-4.913869055499269,0.8843781772498538
2012,-8.452067202547312,0.006283223438192973
2013,-5.705520355927552,0.8927631457163719
2014,-7.958525322827542,0.006536588882403105
2015,-14.873898395896907,0.01044531139707818
2016,-6.91184503562708,0.004417182338847425
2017,-15.963281602292797,0.007802148475881561
2018,-7.153987913252309,0.028038894568943932
2019,-6.16447835051837,0.01926467635268988
2020,-6.579898957828141,0.008768269660991061
2021,-6.0,0.8980985155045799
2022,-7.340558669005773,0.004805190329127663
2023,-7.933404034538701,0.005458301504406646
2024,-8.026574280517949,0.012573800957234428
2025,-7.908007042635171,0.004801597242854444
2026,-7.356913267242091,0.0052734955443187025
2027,-6.888292112638613,0.012061778342416375
2028,-6.001,0.0029630320673369693
2029,-8.063334747121079,0.008097331929247052
2030,-7.686750485971615,0.011242382877032673
2031,-5.865926650894895,0.9229906281997273
2032,-6.655421905968969,0.2963545075526552
2033,-8.922969529464503,0.004992426260869811
2034,-7.18867561042821,0.003740478948248214
2035,-6.17560380270806,0.008474628619517007
2036,-6.887781845808325,0.014855260944569708
2037,-13.847921117330511,0.02629014255721459
2038,-6.001,0.004881120380896035
2039,-6.586078733852208,0.024795900067615076
2040,-7.787122867371618,0.018924549287629076
2041,-6.001,0.010570512855496006
2042,-7.159167306461233,0.06243973404735143
2043,-6.114882149741605,0.007135341004819989
2044,-6.001,0.005405303194280381
2045,-6.152219663408072,0.04682757932570608
2046,-7.534438445362681,0.08114420484662897
2047,-6.001,0.0907136365463474
2048,-5.988445374958185,0.9070197645573752
2049,-8.720961179361957,0.023883888238250814
2050,-6.511292944429386,0.04173716965227637
2051,-9.417548937311723,0.018005759228505447
2052,-8.201819030189633,0.005931657240474498
2053,-6.589143649184387,0.010386364984692293
2054,-7.843559559549934,0.020228023784933314
2055,-7.621152149589911,0.015484368881042467
2056,-7.892854161289091,0.010151889452705308
2057,-7.848098562440307,0.004961893323231317
2058,-9.186973105294793,0.021930138195317563
2059,-4.111439613581788,0.849791696372269
2060,-7.604672183074951,0.0060986841858099265
2061,-6.309726862868793,0.008762312377557868
2062,-18.149033826892143,0.0202766898613502
2063,-7.920621708721747,0.006305687833048565
2064,-7.388320933764049,0.05384040483227858
2065,-7.764128922410953,0.0064784436101033745
2066,-7.998375288868016,0.021387606036740205
2067,-5.7464364935161765,0.935850776889112
2068,-6.069159856218735,0.010292861518889548
2069,-7.454792847314989,0.01395389564839688
2070,-6.680040340519692,0.014440294433265947
2071,-7.651726947158617,0.004720830648562508
2072,-7.509279255785538,0.011225884756709697
2073,-6.317811671697087,0.009038883954799286
2074,-7.431372018555172,0.005088929765058231
2075,-7.677567423922761,0.00712782051037459
2076,-6.001,0.020871209093376607
2077,-16.95966069028203,0.013224002687887742
2078,-7.296786213796312,0.0206736533030078
2079,-6.177773780452137,0.046130981913923924
2080,-7.555099980755174,0.011601449421811492
2081,-6.084998818517665,0.007667991880510303
2082,-6.001,0.17211613239306378
2083,-7.29702497375343,0.05746033565325742
2084,-7.420175004027952,0.00858314211600281
2085,-8.008432720298352,0.02075246307011786
2086,-7.349500289883315,0.06027529616686263
2087,-7.380294675448116,0.006527711070999379
2088,-8.98903000420395,0.03252383548868808
2089,-7.025625836464698,0.004085597955201631
2090,-7.4358774872522115,0.057637565795109306
2091,-3.8503360934684894,0.8967478657533668
2092,-10.730020011973789,0.046079107227091375
2093,-5.983741167135418,0.9461442041622193
2094,-6.001,0.006865795258833174
2095,-7.986393465522984,0.05631789762246683
2096,-7.792464902694195,0.009423546483464664
2097,-7.776557260842209,0.005216277643070484
2098,-7.207581752802601,0.005008481678192843
2099,-6.930057030323028,0.007533225317533261
2100,-5.856066393463544,0.8663514653481257
2101,-6.937780905395228,0.006512489206907595
2102,-14.097397826250036,0.021955516990217812
2103,-7.863625909400097,0.007334426345160393
2104,-18.48135108829678,0.009457471700637666
2105,-7.810531126329867,0.007420929172846613
2106,-7.585282201374589,0.009313929210448456
2107,-7.172733249552382,0.02227508079798368
2108,-6.984731908781367,0.012632894338175495
2109,-7.87011688559855,0.041819919156027334
2110,-7.7768267863117035,0.006101136422126187
2111,-7.481465605592865,0.0048146637882447935
2112,-7.088546957855849,0.016585672699957057
2113,-7.301140595388819,0.0037335190241826865
2114,-8.13038811346056,0.003966231168661796
2115,-7.860427334298288,0.02306855194436481
2116,-6.783743872654497,0.03522226280464501
2117,-4.004191156693678,0.8947662405669885
2118,-7.638969556935864,0.013467402446064175
2119,-7.306514584333793,0.004299489176514833
2120,-6.928636448974185,0.004793596263001096
2121,-7.203534591348705,0.005255474487032082
2122,-8.188843630555215,0.006556579699862065
2123,-17.65587923445664,0.033240231596110364
2124,-6.001,0.015204510405896751
2125,-6.6927854653782415,0.008810581864918714
2126,-7.744142766003214,0.011534756499151502
2127,-7.373875525314539,0.005476669239762276
2128,-7.681371174040386,0.020202541814928338
2129,-6.401860432643571,0.02213490804427995
2130,-7.245176305388448,0.0060905947976292564
2131,-7.265091088248468,0.06895733235615638
2132,-7.9188225775012215,0.00950332904115827
2133,-8.21638540971333,0.010031877967809685
2134,-6.6562782375255125,0.010661529989504117
2135,-19.626644496390725,0.014540049217002575
2136,-6.63581509103515,0.021844384156505234
2137,-6.001,0.07095844326960608
2138,-7.353528050553277,0.009992446606704787
2139,-6.941695961353744,0.274199380514678
2140,-7.0055800732937135,0.0071640682227733475
2141,-7.874552361331178,0.005436447152528766
2142,-8.509551008638333,0.00534649969864441
2143,-6.306041260707904,0.010649726402888667
2144,-7.636133657128999,0.010861086961846438
2145,-7.081636207165189,0.003984708830899309
2146,-6.81639466734735,0.00423754720713501
2147,-8.46953624864462,0.006682668568514491
2148,-7.391401700688689,0.0052850856985067335
2149,-6.548858989951971,0.40982637554272616
2150,-7.272023153188293,0.004192001244567701
2151,-7.535968488537907,0.005060552656034399
2152,-7.439400785482169,0.1155303585673976
2153,-8.918591037581788,0.012257739497841461
2154,-4.507788237721495,0.7361665407935709
2155,-7.444185058514666,0.006895603332168107
2156,-4.753374427158861,0.9409384696317508
2157,-7.599814396519044,0.004361108124462443
2158,-7.0444070939614845,0.01469571534124844
2159,-7.330743767816283,0.005772781618385645
2160,-15.173549718751952,0.027472693877762206
2161,-7.754155680489255,0.00479116603276434
2162,-7.6245630859836915,0.018973639471730808
2163,-6.830582379871773,0.02903119298229596
2164,-15.094401584597259,0.018639081136692746
2165,-8.648902540328297,0.012350418932930231
2166,-7.833578171133157,0.01195023242451565
