event_id,predicted_risk
0,-7.332544300886634
1,-7.750724018158941
2,-6.001
3,-7.814989204070441
4,-7.004156680598059
5,-6.711906627892994
6,-6.862847853462538
7,-7.319035157507361
8,-6.411032075541196
9,-11.016347718872323
10,-6.716491473275258
11,-6.394552601066543
12,-8.407505376159065
13,-7.838595805278636
14,-7.523481398925632
15,-7.587584674310418
16,-7.9886819838328655
17,-6.522925421732252
18,-6.608669258135669
19,-17.104396228268065
20,-7.810471579449972
21,-12.600173668942478
22,-6.838995828701607
23,-7.064588833840848
24,-6.001
25,-8.574465209988247
26,-6.241713222394499
27,-7.805472757053407
28,-7.497164843570413
29,-6.986641019786629
30,-13.747034469378878
31,-8.180377720386058
32,-6.516585065985282
33,-10.142536750653033
34,-6.695859737976182
35,-7.60499546954416
36,-6.906038005521696
37,-7.914445899581967
38,-7.499496865982016
39,-8.559667007797495
40,-7.146396717180346
41,-8.07561234444499
42,-6.0
43,-7.80849576339688
44,-7.678858335846618
45,-6.001
46,-8.288022831333148
47,-10.663283026743379
48,-8.043826516890734
49,-6.942812303059421
50,-5.425566122940852
51,-7.732790372863345
52,-7.449555956341445
53,-8.591430354161396
54,-7.896561786669016
55,-7.7647371335317255
56,-7.123710792206545
57,-6.903131855042735
58,-7.210722166568651
59,-7.818254367213816
60,-7.140624113679046
61,-7.532788985418881
62,-7.1822939156888035
63,-6.588360397463994
64,-7.194951657169507
65,-7.927139275377242
66,-7.2434409528717065
67,-8.896852217995288
68,-7.646004969227934
69,-7.282930055937578
70,-5.616410963187835
71,-7.174085805485758
72,-7.87704139037067
73,-7.996340531940433
74,-6.558076259611388
75,-5.812202244199062
76,-7.846305677562901
77,-4.977163186708692
78,-7.788343086816807
79,-6.635097094411283
80,-6.678459096569266
81,-7.337354126580693
82,-6.001
83,-9.133126792806163
84,-7.29104085693688
85,-8.458723380867124
86,-8.293518090293
87,-6.001
88,-12.976968048555438
89,-8.778646082518385
90,-8.20110198780742
91,-7.070591015028258
92,-6.69762625280862
93,-19.404614152081535
94,-8.35365476414049
95,-7.9179427612450395
96,-6.415133454751887
97,-5.494389179112785
98,-5.6766268914994376
99,-7.762053455563379
100,-6.883868155157342
101,-6.126522367453804
102,-15.215893674443357
103,-6.445750258429416
104,-7.808435813239814
105,-7.434323274791513
106,-7.109744208225132
107,-4.252960896286919
108,-6.694591134901369
109,-6.0
110,-6.001
111,-7.411024228782427
112,-7.536214988906284
113,-8.398731519683075
114,-5.73162547909273
115,-9.141376268661507
116,-7.512424579184241
117,-5.800764838343715
118,-15.60945381742567
119,-7.002309235030173
120,-7.527839512711701
121,-7.5490322538312835
122,-7.587614928626023
123,-7.359838742431119
124,-6.001
125,-9.020675195845428
126,-6.152694224778466
127,-6.48124106746417
128,-8.199019913343884
129,-7.549178963524517
130,-6.463514117409835
131,-7.134604340041845
132,-8.341220024583047
133,-7.9313130105553915
134,-6.997911391311121
135,-7.670274864531064
136,-6.75961509083379
137,-7.5788059670713155
138,-16.379109972019407
139,-8.73723019688509
140,-6.979305797494101
141,-8.02532115784007
142,-14.434929502417987
143,-6.001
144,-8.772453612347835
145,-7.745561223760892
146,-5.968566761468488
147,-7.319235660933803
148,-7.36188470371251
149,-7.604005416712988
150,-7.352800518452894
151,-7.580276847227337
152,-6.394016277390502
153,-7.037322784910368
154,-6.082186153776114
155,-5.169443504646461
156,-7.369117962808065
157,-8.128388141676709
158,-6.980119673780695
159,-6.6870640268969765
160,-8.864664155098557
161,-9.226493945042161
162,-6.565101653981084
163,-7.197615036554407
164,-7.2192969667617355
165,-7.714103901933982
166,-6.001
167,-14.119691027459847
168,-7.037337581036812
169,-7.232019386595434
170,-6.737820321303008
171,-7.412511848794107
172,-7.379765095600588
173,-7.682003617261681
174,-7.459214417744614
175,-6.9410769236068
176,-7.642742218775999
177,-8.079705219076962
178,-7.044248919562483
179,-7.945680459533114
180,-6.0
181,-6.124790948046383
182,-7.931530887142242
183,-6.806970744839564
184,-16.09306953191572
185,-8.040331591191112
186,-7.529738429021203
187,-7.760065312252826
188,-7.311601015895694
189,-7.187216051539063
190,-7.313333044307643
191,-7.62856722261764
192,-8.129299857859484
193,-6.0
194,-7.910728379331832
195,-7.673802584801164
196,-14.126544088090418
197,-7.768269008200096
198,-7.002844006712136
199,-8.91973232754929
200,-8.67873579628829
201,-6.530197494705219
202,-7.6291676330873885
203,-7.274551114177029
204,-7.30199391791269
205,-8.690974727564459
206,-8.281170758114635
207,-4.5965025106154025
208,-7.859009627483333
209,-6.947875023550489
210,-10.42278388535754
211,-7.9255923494422715
212,-6.001
213,-6.424992149152122
214,-5.9304458211497115
215,-8.554234276209062
216,-5.455703775780577
217,-7.735543109287056
218,-7.494133365782154
219,-7.430909800603768
220,-7.298774898399861
221,-6.001
222,-7.0725042778949625
223,-8.126609123598225
224,-6.0
225,-7.375699356205138
226,-7.373197996530938
227,-7.583812577559778
228,-6.2086852892395195
229,-7.602332449374831
230,-8.90172821731866
231,-6.6354541378740235
232,-7.206135742429941
233,-8.65289324496689
234,-5.648348686274069
235,-6.001
236,-7.593732342060091
237,-6.001
238,-6.867630308128857
239,-5.379717657964986
240,-6.485268683560305
241,-6.8478275312964785
242,-6.740164243073126
243,-7.7897745047140505
244,-7.4902230971789745
245,-7.764978707959703
246,-6.971948914661016
247,-6.001
248,-7.288488521872335
249,-9.666128345077292
250,-7.582466979530974
251,-7.40351136810572
252,-7.295863884353011
253,-7.182989061243602
254,-7.611929560488893
255,-6.001
256,-6.001
257,-7.248502157158475
258,-4.351448192469323
259,-6.401989059736136
260,-7.642090483910645
261,-5.843701080989047
262,-6.0
263,-7.884540658146152
264,-6.652822381319495
265,-8.265505330436188
266,-7.155968557101867
267,-8.874881783906066
268,-6.170666393467423
269,-7.062023108858812
270,-7.49989332474837
271,-8.519736863235826
272,-6.947888008906336
273,-6.732534645697578
274,-6.898202252688726
275,-7.351748606871816
276,-5.0242872227860325
277,-6.001
278,-7.0351950938962355
279,-7.671520530778473
280,-6.886732560420805
281,-7.423844943281612
282,-7.418588462839593
283,-7.460646508898199
284,-6.001
285,-6.766928784435224
286,-7.166797191655517
287,-6.095695975154303
288,-8.043263602991507
289,-6.605068417851957
290,-6.001
291,-7.895323395818229
292,-6.504092146059824
293,-7.0632865007392365
294,-6.001
295,-7.52598402084447
296,-6.001
297,-7.52985374835308
298,-19.060668548493762
299,-7.739164510887827
300,-7.1505541164289275
301,-6.001
302,-14.141574057879232
303,-6.351138542313748
304,-8.664705941482211
305,-11.28840311562952
306,-5.084356582295887
307,-6.001
308,-6.022492773353728
309,-6.2373238322305165
310,-7.119987567305472
311,-6.001
312,-7.803833366408318
313,-7.408901135148069
314,-7.899570810386992
315,-7.3906594763508995
316,-5.832288111385702
317,-6.2261537565186895
318,-7.34609833498037
319,-7.699213172052601
320,-7.563584045001996
321,-8.819073509796628
322,-4.961530087671706
323,-7.281027328184144
324,-7.328665839453244
325,-17.564365029053633
326,-7.751520964287307
327,-15.938244859673322
328,-6.859883673270879
329,-7.448454934357157
330,-6.985343893032036
331,-7.90061605069352
332,-6.988331960139422
333,-8.307447718571494
334,-7.0180382351136625
335,-6.801965254574361
336,-7.95778791519287
337,-6.912469251256525
338,-7.286341412658736
339,-9.351638234275143
340,-6.56561482287378
341,-6.0938644610941815
342,-8.717213222954042
343,-6.001
344,-12.70947236093561
345,-6.529971079407966
346,-7.225602778839421
347,-6.508903923936744
348,-7.246304088701572
349,-7.29582240982312
350,-6.171396031709492
351,-6.724713814830734
352,-6.659797551950882
353,-7.034191928060361
354,-7.958393599887641
355,-9.774327921177328
356,-7.685237885866742
357,-6.001
358,-6.9609387405282455
359,-7.9051176270772405
360,-6.422945147854964
361,-7.49590583109947
362,-7.484373637149175
363,-7.6962647962891335
364,-7.362381357598582
365,-5.425415146411832
366,-6.8547794971689715
367,-7.553558082234054
368,-14.1379948511452
369,-7.412887038651607
370,-17.038443381699373
371,-7.610953090715643
372,-7.502554065575962
373,-7.440510215790004
374,-6.992139673717575
375,-8.752565405733773
376,-6.772738013561411
377,-6.409112282865501
378,-7.190211063406349
379,-7.158245663978677
380,-7.400052628997042
381,-6.503103476657971
382,-6.356639427370192
383,-7.2049316874948826
384,-5.852338034241331
385,-6.1700739733825545
386,-5.457414361084078
387,-7.372438631068613
388,-14.933147773270434
389,-8.33592638522836
390,-6.8042558462870755
391,-7.0451757495627305
392,-6.7098044970663695
393,-5.398443817177409
394,-7.029026479350765
395,-7.797009196258515
396,-7.134477754472524
397,-6.460139694416448
398,-7.359186475757616
399,-7.608269808562477
400,-7.481370407190203
401,-6.413097333347152
402,-7.794288185729851
403,-9.259273077153777
404,-6.001
405,-6.001
406,-6.887630414528068
407,-10.21848064130704
408,-8.187402721643847
409,-5.971337627301108
410,-7.220339299591405
411,-14.218237950049831
412,-6.635240797278164
413,-7.837441213914046
414,-7.287365640822022
415,-6.001
416,-7.371922697257294
417,-7.893716496185032
418,-5.190742102974126
419,-5.293824461793278
420,-6.001
421,-6.574612148572535
422,-7.810997641600822
423,-6.543713963723738
424,-7.37600356821507
425,-9.020056416037816
426,-7.511158316333048
427,-7.550514809701832
428,-8.151841129744293
429,-7.571024828633102
430,-7.736907770965591
431,-6.9351662166180965
432,-7.181237523657395
433,-8.98903000420395
434,-7.859257432572307
435,-8.723765889120514
436,-8.313496771544761
437,-9.06072763476559
438,-6.001
439,-7.3843515794028525
440,-7.913761674770249
441,-6.001
442,-7.103285223444053
443,-4.607637848158175
444,-7.003573324861595
445,-7.623846357682176
446,-8.42174782803589
447,-5.450620441015574
448,-7.644659787316824
449,-7.152890399657233
450,-7.0293802290579706
451,-5.6676013253219
452,-4.465260098774724
453,-6.951321419971752
454,-8.339030112706922
455,-8.006930323036665
456,-14.081619832237344
457,-7.253699236104263
458,-15.89630889331875
459,-14.927738657222246
460,-6.427823877628372
461,-7.612081161114178
462,-7.434082012120252
463,-7.25073505969154
464,-6.637759175566006
465,-15.097502825026186
466,-6.0
467,-8.412083882404772
468,-8.084504026300712
469,-6.492067032552155
470,-6.194780489441052
471,-7.449246756770628
472,-6.957262863326689
473,-7.78070493198711
474,-7.812658069745769
475,-6.774356313217642
476,-8.858959175484955
477,-6.9713163393202855
478,-6.252095369776484
479,-7.84616924028308
480,-6.912405732453579
481,-7.633702747709031
482,-9.604279056115171
483,-7.310299764329454
484,-8.286062317392336
485,-6.364381740632804
486,-6.986954822731942
487,-16.874182783537123
488,-7.988931866725267
489,-6.961065517660248
490,-8.427430030353342
491,-7.8166789736607525
492,-7.9819443858252885
493,-8.325907043818152
494,-18.78442999444171
495,-6.010040291077894
496,-6.834030835054282
497,-7.467273785804107
498,-9.146244843670699
499,-7.778491306637524
500,-15.243477988418416
501,-7.692241110495024
502,-8.555207813662808
503,-6.375803916979697
504,-9.03299681497065
505,-7.390876713818654
506,-6.690443291193762
507,-6.1747799856718535
508,-8.082765583253844
509,-6.478423262283291
510,-7.883134068602685
511,-7.184192699280549
512,-4.964655572339727
513,-17.022542606577858
514,-8.151382772121075
515,-7.771555591360341
516,-7.957970489467203
517,-6.348569286948365
518,-6.001
519,-6.15528307662374
520,-6.397861110512164
521,-7.492860704974438
522,-7.2194145150270295
523,-15.974649334603246
524,-7.85280315014435
525,-7.40981945240808
526,-7.49343640914906
527,-7.104121654709886
528,-17.69228475050847
529,-5.568548153041496
530,-7.157579611920678
531,-5.590665338828355
532,-5.364854051011285
533,-12.372636057183273
534,-6.310775161617823
535,-8.266299987012491
536,-7.536597244001477
537,-7.545135600789317
538,-6.001
539,-6.989550407904735
540,-14.05505387055863
541,-7.615878596407549
542,-7.678915256866576
543,-6.600797722762931
544,-6.001
545,-8.008049051729138
546,-15.722731771196369
547,-9.952444084206345
548,-9.789986690256908
549,-14.791376307517508
550,-7.731614736991307
551,-8.414907435736541
552,-5.246246904680803
553,-7.155018937465728
554,-6.001
555,-8.65391106902215
556,-7.912662075206707
557,-7.103394579260535
558,-6.203178565851619
559,-8.734000469764002
560,-4.817406275097662
561,-7.540869281500511
562,-8.769963068529776
563,-13.84272429988502
564,-7.089043324872778
565,-6.001
566,-7.694524883792832
567,-7.935685969349033
568,-7.60507054171768
569,-8.64114850157825
570,-17.475864527414693
571,-16.655966666944977
572,-14.785395165362297
573,-7.733824366059607
574,-6.544748443395408
575,-7.207985004296904
576,-7.472329124425517
577,-8.858457800097328
578,-6.331276089611675
579,-7.777258669782643
580,-7.393411943603695
581,-7.610804405321054
582,-5.71681237677579
583,-7.407067045871004
584,-6.5600082664234325
585,-5.790819304321635
586,-7.966002968669386
587,-7.112012454269355
588,-8.072701773670287
589,-7.876756281154829
590,-6.690066238365077
591,-5.812012923785301
592,-8.817081294097687
593,-8.391621955463604
594,-7.5613234513483265
595,-7.6546750433949855
596,-7.453224476840509
597,-15.410658991745269
598,-6.395075555243027
599,-14.813669508727319
600,-9.291465367881862
601,-5.790648989114403
602,-7.616481074174028
603,-6.397166203615398
604,-7.528242163227539
605,-6.834177621391506
606,-6.197421328568948
607,-7.581713657158512
608,-8.98340003271108
609,-7.417337433928803
610,-9.29971030774304
611,-8.9593063865675
612,-7.992438522005486
613,-7.813447373475562
614,-7.566774563706667
615,-6.001
616,-6.001
617,-7.663750879912396
618,-6.001
619,-6.001
620,-7.809320016685545
621,-5.559232382451394
622,-7.290189941332999
623,-15.636083305746501
624,-7.785283538401598
625,-6.513732925902458
626,-6.001
627,-7.696781834829905
628,-7.375963245635092
629,-6.001
630,-13.719701620905319
631,-7.162744119904823
632,-7.0613105774222085
633,-7.432676552948687
634,-7.09831442351626
635,-6.131616513565282
636,-19.366523750302903
637,-4.737770848966031
638,-7.710492161840989
639,-6.618608228470364
640,-7.4706366906676145
641,-7.242403340577849
642,-7.5291732795954065
643,-6.001
644,-8.470514661379587
645,-4.665719543894606
646,-6.496572093624838
647,-7.406526553128647
648,-7.958193686905628
649,-7.545108549123052
650,-6.001
651,-7.896184588475343
652,-7.27265266412598
653,-7.614251941496652
654,-8.090400850823912
655,-7.433212110374475
656,-7.156121051606264
657,-6.4131877222521885
658,-8.571939788658938
659,-6.645381846991436
660,-14.821630558664337
661,-5.924876256886948
662,-7.346947012123863
663,-7.327485170490558
664,-7.4629847517480545
665,-7.359052162769538
666,-5.4340150180394335
667,-6.649486524332823
668,-7.7392699667372575
669,-6.001
670,-6.329315431689061
671,-6.001
672,-7.2693673758797175
673,-7.837172778321339
674,-6.494882855914975
675,-7.84999085674084
676,-5.752523133167371
677,-5.564384889383868
678,-8.186982140441993
679,-7.23389475920328
680,-7.2519045961502755
681,-17.361016184562423
682,-7.283107678122588
683,-7.402636762492705
684,-6.005759346704078
685,-7.01470767350656
686,-17.13120075827637
687,-7.404536348257616
688,-7.9895583307503735
689,-9.915305256648807
690,-8.236572486326448
691,-8.357887883136875
692,-6.857725640075114
693,-6.241205465812624
694,-6.001
695,-15.215893674443357
696,-7.519069074624435
697,-8.077657480515615
698,-6.001
699,-8.163683986907884
700,-7.084379873892299
701,-7.166028300082138
702,-7.358075495349421
703,-7.924643721148913
704,-7.580938053388853
705,-7.204895466258494
706,-5.411175924795225
707,-6.893105998620638
708,-6.883131121303094
709,-15.442330898160712
710,-8.777570803796392
711,-6.9860241145123245
712,-6.001
713,-6.300214468608257
714,-7.114895273670256
715,-7.291215269554058
716,-6.001
717,-17.1090042338788
718,-7.4520877405918045
719,-6.784907115017717
720,-7.721606044082225
721,-8.779592462718881
722,-7.81621183045662
723,-9.994098448802252
724,-7.212483879411207
725,-6.001
726,-10.512768642898793
727,-7.1749244035046456
728,-8.832905185949528
729,-5.098573033137109
730,-6.001
731,-6.153072891355751
732,-6.9736395995761224
733,-6.001
734,-7.45501414509562
735,-6.0
736,-7.890628207817738
737,-6.263484550426917
738,-5.95284999732388
739,-7.551876454939091
740,-7.14130383799846
741,-6.894167582212332
742,-6.923529660887154
743,-8.707550090154808
744,-6.73189317558729
745,-6.97721840418434
746,-6.373364090676376
747,-7.315052927310461
748,-7.85746678762895
749,-7.313475223219038
750,-7.715297614071032
751,-6.978107824164144
752,-7.250258933380504
753,-15.291817257873069
754,-8.085298535205945
755,-8.284115746891892
756,-6.515311189714951
757,-7.033059673401111
758,-7.1311856867464085
759,-6.001
760,-7.881224572809994
761,-6.847866995291782
762,-8.429315253788694
763,-6.451434138869603
764,-7.423353111070581
765,-7.904325450543256
766,-7.3517369709148745
767,-6.818336008685771
768,-8.018603771542068
769,-7.44579452710195
770,-6.001
771,-6.778045305904875
772,-5.952773070569875
773,-8.212734259663428
774,-6.679700127251818
775,-7.004769095686936
776,-7.626643402388036
777,-6.3051341367223666
778,-6.1141712146750455
779,-7.81419803254564
780,-5.681981177994384
781,-9.005062351675164
782,-6.0
783,-6.579346614201079
784,-7.016568967488539
785,-7.8110231752849435
786,-7.755572017299628
787,-7.309713170641448
788,-8.333696259221703
789,-7.865530727386096
790,-7.694291884747159
791,-9.433342592994432
792,-7.695664764654597
793,-7.249410474923005
794,-6.281264987033989
795,-16.015885767748173
796,-6.272308676103551
797,-6.571197568510718
798,-6.469083042661209
799,-6.344537209733553
800,-7.599867281914125
801,-4.91620713474211
802,-5.061634550016315
803,-6.726088699143123
804,-7.272159740722959
805,-4.435810163196921
806,-7.270414195218107
807,-6.090119423400833
808,-7.452928191630877
809,-6.001
810,-8.636362578159233
811,-4.770121017739864
812,-6.293840027685625
813,-6.995567559098038
814,-6.6577028208387405
815,-18.215151012987775
816,-6.922538593781486
817,-6.001
818,-6.685086982578425
819,-7.8800863533097765
820,-6.728517910252211
821,-6.075495344764394
822,-6.001
823,-7.242075657920971
824,-7.420579707330145
825,-7.072779061872643
826,-8.669656648043894
827,-6.80467519694545
828,-6.001
829,-6.38558179135553
830,-6.922968414301769
831,-6.855955912492722
832,-6.661135265328154
833,-6.292477844648602
834,-7.722687768734602
835,-7.181638745682551
836,-7.7791525630237395
837,-7.289898756284094
838,-6.001
839,-7.253590703253882
840,-6.001
841,-6.001
842,-6.994642920790013
843,-7.55245612120076
844,-7.98480511059739
845,-7.331665790592233
846,-9.178542647372943
847,-8.289439326640974
848,-6.2717074878716845
849,-8.519973484933129
850,-6.001
851,-6.001
852,-6.001
853,-7.562997688697017
854,-7.883100238523729
855,-6.991228001382707
856,-6.001
857,-7.517031805202681
858,-7.592467133490959
859,-6.931149438038769
860,-9.2118986581647
861,-17.770314257670996
862,-7.139910815280083
863,-8.10301567375676
864,-6.001
865,-6.624009296454666
866,-7.165114740834707
867,-6.001
868,-4.090563275174512
869,-7.6598320673725135
870,-7.282345902661601
871,-6.587931005749974
872,-6.466712081458304
873,-6.59342725177285
874,-6.001
875,-7.46261153775201
876,-8.026205346799134
877,-8.218995922503934
878,-6.591136503854528
879,-15.3637818124476
880,-5.859809672620456
881,-6.800199782603556
882,-7.399510121610991
883,-14.217554164792684
884,-8.97211927439676
885,-6.0
886,-7.2165225679713
887,-6.001
888,-8.122475943192656
889,-16.832975550225378
890,-7.403502265462519
891,-3.3479238770808273
892,-7.656555165391293
893,-6.090323279543653
894,-7.917289119883921
895,-8.548276035362214
896,-7.739771835114977
897,-8.787985241695907
898,-6.08886538545367
899,-5.908730423612228
900,-7.800101068409786
901,-6.922834245028801
902,-7.132400251938982
903,-6.549012214469206
904,-7.39668626262073
905,-6.94173997660071
906,-6.914400299844651
907,-8.25988476550051
908,-5.4943141503658115
909,-6.7599156196029355
910,-7.0912461861841525
911,-7.7586552986803525
912,-6.05123086295999
913,-8.92163335981303
914,-7.941936582368431
915,-16.3587215115199
916,-8.68353653489797
917,-6.0
918,-6.12406476478311
919,-7.286413674010986
920,-8.118583687229057
921,-6.621411863217368
922,-5.89394743085922
923,-7.24753722134368
924,-6.112392084761549
925,-6.822477312042317
926,-6.649834609309094
927,-5.5485380539307085
928,-7.723786160682665
929,-18.58686505178794
930,-9.10495977320272
931,-7.401626234220863
932,-7.725323092642048
933,-6.001
934,-7.16628248459959
935,-8.538574814737927
936,-6.001
937,-6.7870524563594445
938,-7.712299520726371
939,-8.473629409364566
940,-7.507756744884979
941,-7.495618662442012
942,-14.571291852122725
943,-7.002465704773444
944,-9.242536680705623
945,-7.398137058031175
946,-6.709782283165165
947,-7.684644970714545
948,-6.432500113589027
949,-7.748570008492316
950,-11.449232307220015
951,-7.479567559772739
952,-7.653098858817774
953,-7.219711202843202
954,-7.234595981658686
955,-7.402136691606638
956,-8.626243402281236
957,-7.5966426649853425
958,-7.840443934421327
959,-7.014070219975108
960,-6.974298059145485
961,-7.5888892396769005
962,-7.027145315978169
963,-6.001
964,-7.799755866125531
965,-8.123961008428875
966,-7.091327474941238
967,-6.359691433312047
968,-6.0
969,-7.720876617745102
970,-7.186115575269477
971,-6.955386125070476
972,-6.0
973,-8.698361752549365
974,-7.590256369818458
975,-5.31484520390266
976,-8.797544011102602
977,-6.481820965274479
978,-6.781203208570392
979,-7.587949571490148
980,-6.637520401348332
981,-7.691424306988762
982,-7.0661076004315415
983,-6.29519824997429
984,-7.070628417524844
985,-7.6266937876549274
986,-7.434155603420405
987,-18.18592126451601
988,-5.392482609828413
989,-4.892751237488039
990,-7.563508934385702
991,-7.282229644101481
992,-7.106511633972932
993,-6.77239346756813
994,-8.163180593868645
995,-7.70890559430151
996,-7.268034544064261
997,-6.6530737571683245
998,-10.757620416338227
999,-7.464396815210578
1000,-6.061256707300651
1001,-6.0
1002,-6.001
1003,-7.804787429101481
1004,-8.375568882056754
1005,-7.947662813056803
1006,-6.318122880257432
1007,-16.61326608270989
1008,-7.47653433631994
1009,-16.61645999560483
1010,-6.150798155351756
1011,-7.087239005630266
1012,-7.0472114038076485
1013,-7.331605960312021
1014,-7.601210036527082
1015,-7.585391939769194
1016,-7.672156874183922
1017,-6.204405318122723
1018,-6.9583764260336745
1019,-7.515739085236416
1020,-6.001
1021,-7.084096856296528
1022,-7.402757978589137
1023,-5.84906294048262
1024,-8.370859957079073
1025,-7.950600695622567
1026,-15.541868530649818
1027,-7.503391016114631
1028,-6.209347266081053
1029,-8.301886709801686
1030,-6.627927258572085
1031,-7.095555623155924
1032,-9.05894620305885
1033,-7.146627284613629
1034,-7.343529604297858
1035,-7.181702559846517
1036,-5.987524776807214
1037,-7.462455459813911
1038,-7.238246340254838
1039,-7.631853909645491
1040,-6.001
1041,-6.3603847347546285
1042,-6.901661799384954
1043,-7.054985628486415
1044,-7.786542888890752
1045,-7.464686005247833
1046,-6.940899640328354
1047,-6.630950971992385
1048,-6.926089155000838
1049,-10.143385085056966
1050,-8.253180333229158
1051,-6.28611561120748
1052,-8.156459896958168
1053,-7.693360584931979
1054,-7.3181936921375845
1055,-5.938416178147791
1056,-13.24523117793123
1057,-6.209465970024899
1058,-6.896892132237134
1059,-6.973948210201881
1060,-6.001
1061,-5.5527970688354085
1062,-7.808327446892117
1063,-6.205945292596937
1064,-7.075583743307058
1065,-7.343662987952649
1066,-8.455066401489951
1067,-6.942140511425518
1068,-6.69398916680246
1069,-7.677526422121924
1070,-6.448466651508549
1071,-8.265894305248649
1072,-6.674870935809068
1073,-7.030299021769941
1074,-7.665371910396706
1075,-7.2270186294957846
1076,-7.6047988223314755
1077,-6.836979422323116
1078,-7.242305194461226
1079,-7.498735804583928
1080,-8.120260538844935
1081,-7.826917242630552
1082,-6.001
1083,-8.520794877394058
1084,-4.653299649951225
1085,-4.719878991173729
1086,-7.723202104719074
1087,-7.562619255479853
1088,-6.745554632889166
1089,-6.7538847935856134
1090,-6.778863376804155
1091,-7.934672435662235
1092,-7.435706806150523
1093,-15.76003059309128
1094,-6.908465074439077
1095,-6.821155838002091
1096,-7.810950259674316
1097,-6.622219190347803
1098,-5.92381227160178
1099,-6.2353594092209095
1100,-6.632097182438943
1101,-6.374851314961053
1102,-7.743742994697763
1103,-7.349957287312202
1104,-8.167596539752584
1105,-6.316953098167639
1106,-7.189771132877077
1107,-6.001
1108,-7.08648725680242
1109,-7.686952482942126
1110,-7.961458760725257
1111,-7.24716925308509
1112,-6.001
1113,-6.910620371924006
1114,-6.594809688525763
1115,-6.245757962495203
1116,-7.39859184587611
1117,-6.153765923593196
1118,-7.134238233388171
1119,-7.774160423653995
1120,-6.616384473264671
1121,-7.335344616734824
1122,-7.893266516944469
1123,-6.001
1124,-4.880811762680194
1125,-6.909635590855606
1126,-8.938882671420355
1127,-7.2206564808633384
1128,-7.1114223630245235
1129,-9.889789414664332
1130,-7.143705567407691
1131,-7.257515027980413
1132,-7.959222858070567
1133,-6.716212599872598
1134,-6.494492442157758
1135,-6.612936537316368
1136,-7.818817041992367
1137,-8.019531324461159
1138,-8.653298726959049
1139,-6.293342223728822
1140,-4.372925724354212
1141,-7.650659168934988
1142,-9.450067963961626
1143,-6.510814152053772
1144,-7.205633841124431
1145,-7.05618777239081
1146,-8.035254666633564
1147,-7.791636145506972
1148,-14.524382357128664
1149,-6.5167168044486745
1150,-7.134379558186245
1151,-6.001
1152,-6.501935812073571
1153,-7.028353100498315
1154,-7.2278623379973
1155,-6.001
1156,-6.1911740609692645
1157,-7.343254694899033
1158,-6.214311764005408
1159,-7.937424646892606
1160,-8.152428640621793
1161,-5.675215599506746
1162,-7.580906009516462
1163,-15.465629972482084
1164,-7.27919410192765
1165,-7.1553502624219325
1166,-4.651243974570834
1167,-5.373197147563384
1168,-7.413810446695819
1169,-8.20959948200013
1170,-8.15291951341143
1171,-7.735461880317693
1172,-6.001
1173,-6.281415684347661
1174,-5.952757542208064
1175,-8.277438813993532
1176,-13.207757822054859
1177,-6.870091215471114
1178,-7.50277972714826
1179,-5.357718250021748
1180,-6.009380746755082
1181,-5.18916617815209
1182,-7.497583138623024
1183,-6.280184166741616
1184,-7.588651653320747
1185,-6.001
1186,-8.692221930657865
1187,-6.983556647586818
1188,-6.297639776358053
1189,-6.692470019292974
1190,-8.987148479560478
1191,-13.174801312127226
1192,-7.222014461045513
1193,-6.001
1194,-5.507205457886113
1195,-7.856580167791199
1196,-7.20262002382543
1197,-6.206313279099826
1198,-8.134875498848972
1199,-7.538215050072013
1200,-7.008828047840097
1201,-7.664997001833333
1202,-5.29209501273227
1203,-6.837787456304767
1204,-7.340226302594278
1205,-7.099046082625645
1206,-8.472285292394073
1207,-6.651545279749649
1208,-7.295590096995111
1209,-7.662791742016432
1210,-6.902517663808591
1211,-7.762350997845844
1212,-6.852276286560944
1213,-6.57404035640503
1214,-18.789624811068013
1215,-8.739614451406172
1216,-6.787724339735778
1217,-7.113735027030786
1218,-6.904296843935484
1219,-6.001
1220,-6.001
1221,-7.242437563251991
1222,-6.001
1223,-6.040616947855822
1224,-6.953106889353805
1225,-14.017241967188733
1226,-6.736503456004256
1227,-6.895925400469348
1228,-6.001
1229,-5.650030575576148
1230,-8.95926445671095
1231,-6.001
1232,-6.6256822173917165
1233,-6.67532549216045
1234,-7.183228324229127
1235,-6.9016299227015665
1236,-8.034324342042174
1237,-7.454255177528788
1238,-6.8800609670247885
1239,-6.623767190198288
1240,-7.648799694744293
1241,-6.792414444239284
1242,-8.180275795267931
1243,-16.04604944167387
1244,-7.655106527587751
1245,-6.780927392691521
1246,-15.975037352407746
1247,-6.299760609833633
1248,-15.705125372564689
1249,-7.828784578421368
1250,-7.604177188120121
1251,-7.3466031828219345
1252,-6.63463436446695
1253,-7.08171411620878
1254,-5.291161868779655
1255,-6.14459530374522
1256,-7.038395158056821
1257,-12.880666381482278
1258,-6.688663728679707
1259,-2.637891023654948
1260,-6.001
1261,-6.809491130192502
1262,-15.218859363882702
1263,-4.64540752991853
1264,-8.326012369293398
1265,-7.223215244965694
1266,-6.001
1267,-7.9764577601176585
1268,-6.001
1269,-6.705134634982472
1270,-6.018568763865133
1271,-7.326713678448678
1272,-8.836003895681328
1273,-6.2622173772772
1274,-7.5140163222825365
1275,-8.310528210792288
1276,-15.17693835582701
1277,-7.804708449261729
1278,-6.537694730109176
1279,-7.3317995154099656
1280,-5.670092707466005
1281,-6.442843435309067
1282,-7.178783724990174
1283,-7.769633661028906
1284,-7.121090824469936
1285,-15.320640603039712
1286,-7.377584584198322
1287,-7.084959476404516
1288,-7.2626378059473335
1289,-15.315207378365162
1290,-6.178874087435299
1291,-7.249480201702965
1292,-7.843467121797778
1293,-8.065808150357576
1294,-10.699019182584754
1295,-6.001
1296,-7.923398215873066
1297,-6.83960963019367
1298,-6.127413576795901
1299,-7.336077177164182
1300,-6.001
1301,-8.35104270568284
1302,-5.9057246514475406
1303,-8.647910430170134
1304,-7.9367759984503135
1305,-7.577042175856765
1306,-15.736273508239083
1307,-7.464465420695406
1308,-7.240612023296198
1309,-6.948460598099663
1310,-9.442335369251738
1311,-8.003083999241365
1312,-6.001
1313,-8.36973546099097
1314,-8.915084960881874
1315,-12.834162875813288
1316,-14.509727840374179
1317,-7.873533157173539
1318,-8.291702212696586
1319,-8.914310921940363
1320,-6.922210180573703
1321,-14.791376307517508
1322,-8.966041702810445
1323,-7.662628542183514
1324,-7.836740906330513
1325,-17.029385668610843
1326,-6.0
1327,-7.705757413658286
1328,-7.730985983138046
1329,-6.586855253176921
1330,-9.03192793003287
1331,-7.164086319024936
1332,-7.756728353567222
1333,-7.61616911726049
1334,-7.933426987130963
1335,-5.776486319159731
1336,-6.001
1337,-6.687268616456606
1338,-7.387992604305262
1339,-6.001
1340,-6.001
1341,-7.161130913713962
1342,-8.059330660915634
1343,-7.530724096090424
1344,-6.001
1345,-6.759939294839294
1346,-5.374716172116816
1347,-6.40238083405554
1348,-5.416683167886935
1349,-7.6339257563251515
1350,-7.147507873421667
1351,-16.12901678841532
1352,-7.136560498583288
1353,-8.463263769364865
1354,-6.99172511029258
1355,-7.63675629485729
1356,-7.673058437579327
1357,-7.591518602452411
1358,-7.346855385441264
1359,-8.462961632558457
1360,-7.536573983305036
1361,-5.616471981441054
1362,-6.542686280383908
1363,-7.866714269835224
1364,-7.215236413664366
1365,-7.481954050468309
1366,-7.936922860581481
1367,-8.959881440560668
1368,-7.038638505159378
1369,-6.317019384731194
1370,-6.001
1371,-7.166816757447147
1372,-5.314842465721368
1373,-7.0860154546221885
1374,-8.771222724433187
1375,-6.989355174592413
1376,-7.872077966157852
1377,-9.170665064263694
1378,-6.218050466844408
1379,-8.146872438336707
1380,-6.2291273891073935
1381,-8.110270130579705
1382,-7.014817177041044
1383,-7.203555674629724
1384,-6.926503215110163
1385,-6.738858042473444
1386,-5.193586596650744
1387,-6.001
1388,-7.279309754512165
1389,-6.930816063814156
1390,-6.845016127133063
1391,-7.965290819115835
1392,-7.871952860465462
1393,-7.249488821209264
1394,-6.732696232409808
1395,-7.457046186307219
1396,-7.655552578502428
1397,-6.707575750039965
1398,-7.399599152697082
1399,-8.881823396954122
1400,-6.41120325451924
1401,-6.001
1402,-8.131893947035255
1403,-6.001
1404,-7.872573065308179
1405,-6.99079095395914
1406,-8.876861992199402
1407,-8.679218757467034
1408,-14.813669508727319
1409,-7.895086979032255
1410,-6.168976265444092
1411,-7.634713978632834
1412,-7.442732892163384
1413,-7.299885385177681
1414,-6.001
1415,-7.799184769333142
1416,-6.896569207846818
1417,-15.148513222419899
1418,-7.011415522617486
1419,-5.6204100682251
1420,-18.788013724153842
1421,-7.9145783540837
1422,-6.001
1423,-6.001
1424,-7.50196788411564
1425,-6.742724324255328
1426,-7.150579068096923
1427,-7.732544325969085
1428,-6.001
1429,-7.797028899494666
1430,-7.747818774285057
1431,-6.639786569746611
1432,-6.982469023284791
1433,-7.682238994185403
1434,-15.423549853381315
1435,-6.001
1436,-7.723947568885546
1437,-7.677228215059279
1438,-15.867317876230938
1439,-7.986771503770032
1440,-7.263656460136104
1441,-8.313723080225289
1442,-14.60968199951889
1443,-10.826341682277503
1444,-7.188717784847788
1445,-6.796383350637659
1446,-7.643230926986127
1447,-6.913870307761786
1448,-4.052250362008582
1449,-8.087423859836335
1450,-6.311160525099057
1451,-7.995834066676292
1452,-7.459084462009858
1453,-9.18662788137207
1454,-6.153046954419442
1455,-8.61734546330264
1456,-7.2263527563486
1457,-7.451738575560521
1458,-8.977106857447563
1459,-7.5450806724728166
1460,-13.714683190629891
1461,-6.590874673569298
1462,-6.83584171950002
1463,-8.617086734073514
1464,-5.496075364199497
1465,-7.381983157662711
1466,-7.660098293628191
1467,-6.396430530549594
1468,-7.397624388487791
1469,-8.219905516866245
1470,-6.001
1471,-7.018983104037314
1472,-7.191913766104992
1473,-6.16782094177362
1474,-6.198817761163558
1475,-6.862113490639581
1476,-6.001
1477,-7.363945418210466
1478,-7.209347084431073
1479,-7.233359851484197
1480,-5.283579245908562
1481,-7.322378794626113
1482,-8.126960090373005
1483,-8.130257537904866
1484,-8.006807099125242
1485,-6.894483874715338
1486,-15.623840052182834
1487,-14.775598313504815
1488,-6.546821815120301
1489,-7.2310279074642905
1490,-5.36464706876217
1491,-6.329185538843067
1492,-5.939364247589576
1493,-6.938434632999357
1494,-8.86898397833729
1495,-6.001
1496,-7.996787636491227
1497,-8.583803014897175
1498,-8.855370019882773
1499,-5.7773149383456825
1500,-8.835585285988524
1501,-7.792218878072005
1502,-6.890864060853457
1503,-15.938244859673322
1504,-6.848807501717497
1505,-6.6215335006030696
1506,-7.832982418558892
1507,-7.296729108085947
1508,-14.922666518129127
1509,-7.284978970811855
1510,-6.323665415326654
1511,-7.219531149904917
1512,-5.392717776687739
1513,-17.788102837324406
1514,-6.525555794375017
1515,-18.35652532284506
1516,-7.666996040636526
1517,-7.92351841377639
1518,-7.773008279574452
1519,-6.363913021516791
1520,-7.521419131611346
1521,-6.717697654880036
1522,-6.389615136181585
1523,-9.776108358017996
1524,-6.766980600421293
1525,-5.917559211958705
1526,-6.0
1527,-6.5358783067509405
1528,-6.001
1529,-7.307709051235025
1530,-7.024212159875469
1531,-7.1328103990929
1532,-7.877155069100517
1533,-8.354177984352257
1534,-7.18899328341564
1535,-7.49613179520266
1536,-7.604265652245153
1537,-7.665425367950791
1538,-13.693539656716126
1539,-8.058770779887178
1540,-8.462945998886696
1541,-8.695135083595545
1542,-8.807977604303034
1543,-6.708809746509408
1544,-7.556627704291798
1545,-6.784011271039153
1546,-5.522238244184252
1547,-7.215700383153564
1548,-7.582201101765576
1549,-7.460681801526354
1550,-7.6357688169607645
1551,-6.590509795195887
1552,-7.064551215739698
1553,-6.001
1554,-7.547508925158061
1555,-7.858183382340311
1556,-6.001
1557,-16.69424974607635
1558,-7.29954424025792
1559,-8.92938366542305
1560,-6.3417728660988
1561,-8.26591958648072
1562,-7.234995685337297
1563,-6.001
1564,-8.17411456237092
1565,-5.025766908022038
1566,-6.001
1567,-7.267726575394023
1568,-3.4929764342630305
1569,-7.221189556157254
1570,-7.521138854014649
1571,-7.325576036714719
1572,-6.186002559542646
1573,-6.077931262740936
1574,-8.93278251443414
1575,-6.521768636749702
1576,-8.174906349762152
1577,-8.68661501268021
1578,-14.103044388777661
1579,-6.728210871295225
1580,-7.027225934000212
1581,-8.15940882575777
1582,-7.7146487699003155
1583,-8.119694849542933
1584,-8.417957059347398
1585,-6.001
1586,-7.087294104822853
1587,-7.289601916248163
1588,-7.831431926369157
1589,-7.48940667010106
1590,-8.44444484506642
1591,-7.380318620000638
1592,-8.212451931714016
1593,-8.711298446304124
1594,-7.231801126283898
1595,-6.092862549737866
1596,-6.477175732394629
1597,-18.95514363196739
1598,-5.42250903925545
1599,-7.189546046156234
1600,-8.084159307223958
1601,-7.738215092095679
1602,-7.386188862012979
1603,-16.128395559243092
1604,-7.034260325508978
1605,-7.168517954044107
1606,-8.637136602289058
1607,-7.468609528642004
1608,-13.409036733558796
1609,-6.5464565513802295
1610,-8.880931524080104
1611,-6.345926957575795
1612,-7.315930754016513
1613,-6.5220767011873075
1614,-6.301594595948324
1615,-6.506106250682008
1616,-4.9914043433887185
1617,-6.4859624996770116
1618,-7.786729038918896
1619,-8.720139586869173
1620,-6.901183649674277
1621,-14.123376462289112
1622,-6.0
1623,-7.042445652097414
1624,-6.001
1625,-7.23280585277132
1626,-7.143367058658443
1627,-9.124131932767249
1628,-14.30783227703605
1629,-7.869308927639141
1630,-6.838408566060513
1631,-6.347621313095505
1632,-6.606201341055336
1633,-7.836010731646017
1634,-7.309443226745189
1635,-10.757433169664026
1636,-7.272107343243198
1637,-7.039170975767391
1638,-7.472090327148528
1639,-7.4601883984189294
1640,-8.695239230283914
1641,-6.2872807918497555
1642,-6.001
1643,-15.526839243715433
1644,-7.9404937388853405
1645,-5.115522791907512
1646,-8.441164752160017
1647,-7.280052899579282
1648,-6.001
1649,-7.57675598904882
1650,-8.000788877780302
1651,-6.001
1652,-7.708383538065657
1653,-7.653313912883291
1654,-7.625119937953817
1655,-7.741651401170782
1656,-8.121300651087989
1657,-8.466021688851026
1658,-5.370023978871317
1659,-6.136271078856867
1660,-6.081290603104027
1661,-7.679387696727449
1662,-6.901882990853213
1663,-6.940106751801462
1664,-6.403274002288999
1665,-8.966437688085199
1666,-6.001
1667,-7.517394219890166
1668,-6.9398390085950625
1669,-6.794430746905644
1670,-6.644649927333227
1671,-7.440035015427437
1672,-14.259042551784058
1673,-6.617316399457637
1674,-7.998053881063709
1675,-7.8077073740538765
1676,-7.88484798679355
1677,-6.607581628792715
1678,-7.233804156945614
1679,-6.001
1680,-6.6047292932422685
1681,-6.001
1682,-7.6327555694223035
1683,-7.927094360544237
1684,-7.2443575652218275
1685,-7.339435948603855
1686,-6.081065745543436
1687,-7.074782476006637
1688,-5.553793834770178
1689,-7.026646261218935
1690,-7.808350988528051
1691,-7.588967258328344
1692,-6.993314497364516
1693,-6.001
1694,-6.232014766846009
1695,-8.71033855921819
1696,-7.7763852650760175
1697,-7.565496867603467
1698,-16.269514416550933
1699,-6.325197744773922
1700,-8.35530122098598
1701,-6.921684334290874
1702,-6.807880604761463
1703,-8.412083882404772
1704,-7.426777294501714
1705,-8.27955371544326
1706,-8.093870788929937
1707,-6.322006594136182
1708,-7.0203351484557555
1709,-7.164677252773747
1710,-7.685298482190779
1711,-6.388258123935552
1712,-6.2319778681582045
1713,-8.645843408342161
1714,-6.001
1715,-8.5463716314405
1716,-7.7528137177029395
1717,-6.7787081800357
1718,-15.058131628779336
1719,-4.65142797664997
1720,-8.467871834627411
1721,-8.145211581983268
1722,-7.496906164738108
1723,-6.80638087193911
1724,-7.510428663482721
1725,-7.524447322050813
1726,-7.583676710132785
1727,-6.987475889637847
1728,-6.001
1729,-7.255231380948043
1730,-6.9472544686883015
1731,-8.060997603811852
1732,-7.84078602445463
1733,-5.661087566404276
1734,-7.69726700720412
1735,-7.62767768954792
1736,-7.747525811030359
1737,-7.960600305776927
1738,-7.802363459408669
1739,-8.594645134359846
1740,-7.634947912569247
1741,-7.3660017416235775
1742,-8.4036680589026
1743,-6.901098283101752
1744,-7.964806129914619
1745,-7.729831473247686
1746,-9.004824879643746
1747,-7.887230342241511
1748,-6.162075249006889
1749,-17.947100872802956
1750,-5.500003753155176
1751,-6.001
1752,-4.899382378171875
1753,-15.41213382430441
1754,-7.452524198286476
1755,-7.894501796288343
1756,-7.563115330380177
1757,-7.852412218590138
1758,-6.729144014347866
1759,-6.001
1760,-10.244683290999761
1761,-6.893950198387355
1762,-12.65076008496192
1763,-6.9249145945124875
1764,-7.705261088653932
1765,-8.26144734592247
1766,-17.187331318499105
1767,-5.093688512336174
1768,-6.001
1769,-6.503819869107353
1770,-8.038849259519708
1771,-7.903639299449827
1772,-6.001
1773,-7.907649330449357
1774,-7.745830815801231
1775,-6.815270651806459
1776,-6.466728824886643
1777,-6.6313698078952035
1778,-7.230673614178524
1779,-7.0692570446701435
1780,-9.109260783230328
1781,-7.363368383132413
1782,-6.4032555620032205
1783,-5.281349833359767
1784,-6.001
1785,-7.291004821215234
1786,-8.223635791454754
1787,-7.535836449499493
1788,-6.6517846987337705
1789,-7.902249713743178
1790,-13.762586788933415
1791,-6.0
1792,-4.403783927644614
1793,-16.137107136792093
1794,-6.702744673946535
1795,-7.268675254156911
1796,-6.001
1797,-6.542735292354737
1798,-7.815188379464213
1799,-7.864906686173612
1800,-14.413386715789612
1801,-6.630559274798205
1802,-7.7876520069549775
1803,-6.684935841673788
1804,-6.826407068250714
1805,-7.277767476112693
1806,-7.269329105483313
1807,-6.001
1808,-6.994323248453476
1809,-7.608550072287395
1810,-7.123425198559014
1811,-5.356814069503776
1812,-7.323666227847676
1813,-5.594164195741127
1814,-7.788727159214778
1815,-8.064723727386859
1816,-7.5089144778465435
1817,-7.539971608856542
1818,-6.795945155575679
1819,-6.94735866308338
1820,-6.917873478209583
1821,-6.0
1822,-7.49901881649799
1823,-8.448869706500597
1824,-7.39957582514963
1825,-6.001
1826,-5.594726951519338
1827,-6.614849365683868
1828,-8.118313048767241
1829,-4.551943370931783
1830,-7.814153999006566
1831,-7.056573436213231
1832,-4.169212731113533
1833,-4.427385773591826
1834,-7.623602191751544
1835,-5.7255327654998664
1836,-6.29412379154578
1837,-7.547132608551484
1838,-5.800466078944237
1839,-7.479343051593611
1840,-6.321283006775512
1841,-5.480409533044242
1842,-5.453599525186607
1843,-5.788290343621453
1844,-6.365587511010657
1845,-6.661398363863211
1846,-7.225094150253738
1847,-6.992504296766837
1848,-11.187547480601104
1849,-6.0
1850,-6.70261833614987
1851,-13.448789177297119
1852,-7.16774847421957
1853,-7.564459884350842
1854,-7.410709039837819
1855,-4.728048589241908
1856,-7.059197282567651
1857,-9.008549649252664
1858,-6.156312448549247
1859,-5.934433182539489
1860,-6.121094222925155
1861,-7.416210806851293
1862,-7.428347237198279
1863,-7.093729929970087
1864,-7.653978871784998
1865,-7.307637248971149
1866,-7.892786982169764
1867,-6.833714826949417
1868,-7.282698654164433
1869,-15.807347566363989
1870,-7.089644909177473
1871,-7.213565682067065
1872,-7.0709081128607485
1873,-6.946718534419418
1874,-7.692476835090072
1875,-7.760810415430963
1876,-7.634357597539627
1877,-7.529885531721299
1878,-6.001
1879,-7.289782015205035
1880,-8.213770952125866
1881,-9.661663542610679
1882,-8.623526313147465
1883,-7.342100633132473
1884,-7.927882866990944
1885,-14.497435887895639
1886,-6.999672926474243
1887,-10.802683604632701
1888,-6.854092670199821
1889,-7.224310303345432
1890,-7.2824002718336365
1891,-6.714406012277381
1892,-5.416113330622023
1893,-7.443946312379583
1894,-5.884363131742337
1895,-5.947418884891265
1896,-7.768182886085163
1897,-7.41862378571448
1898,-8.800960516937288
1899,-7.2072243348746605
1900,-5.4752218719520815
1901,-7.260101121360821
1902,-6.001
1903,-15.666864729390701
1904,-6.19852907038175
1905,-7.287465391561361
1906,-7.525101171613631
1907,-7.468450323296881
1908,-7.346192257025477
1909,-6.8194941913374105
1910,-6.358140568072874
1911,-6.432859041309957
1912,-6.515370344665728
1913,-8.183641594439994
1914,-6.8713616352402695
1915,-15.238186875653168
1916,-6.001
1917,-8.838992410924234
1918,-15.385883500948001
1919,-7.873859577970447
1920,-7.96733383563419
1921,-7.701352111678201
1922,-7.444835541877905
1923,-9.025146197270754
1924,-8.332749135771113
1925,-7.793340753676329
1926,-7.51262087230919
1927,-7.803192659307096
1928,-7.346658342683592
1929,-6.661923200285283
1930,-4.84583572511336
1931,-6.391955370286308
1932,-6.656440437312177
1933,-7.373040828434651
1934,-6.192894566064771
1935,-9.059908172801435
1936,-6.805000002607869
1937,-7.69312333312897
1938,-7.782929150960569
1939,-14.826102546193809
1940,-7.0823397314559084
1941,-7.29536681357767
1942,-6.001
1943,-7.503853545933397
1944,-7.727201764769699
1945,-7.700130404762559
1946,-7.387770909031294
1947,-10.984782695904956
1948,-7.187847552008228
1949,-6.700757947687013
1950,-6.720919852769805
1951,-5.376367914416909
1952,-6.996732641597981
1953,-7.028028624287307
1954,-9.339260558928345
1955,-8.33894689610199
1956,-7.322020799064289
1957,-7.722917074010422
1958,-6.419777124544832
1959,-8.871346940386557
1960,-7.703966156183343
1961,-8.110928751113502
1962,-7.579491222217341
1963,-4.910040221903128
1964,-7.506021810639007
1965,-6.193004609928285
1966,-7.557211908235034
1967,-7.726614525222107
1968,-6.976154766351814
1969,-6.9463541073070685
1970,-7.177386436723831
1971,-6.667127257514844
1972,-7.887263264217485
1973,-8.026182116059978
1974,-7.562078464630617
1975,-10.066018173377197
1976,-7.664720377111559
1977,-8.041931915556924
1978,-6.425683124842196
1979,-8.37460793311708
1980,-7.574145627374424
1981,-6.391393999945663
1982,-6.001
1983,-5.725756955668123
1984,-3.8525817197855776
1985,-6.387943655436112
1986,-17.7002559414751
1987,-6.001
1988,-6.0
1989,-7.389814259414033
1990,-6.968233574192384
1991,-7.803034612460303
1992,-7.6493524566942455
1993,-8.125533688742482
1994,-6.001
1995,-7.827778771132258
1996,-4.962619768235634
1997,-6.9052472741332735
1998,-7.543261602693957
1999,-4.952660180217758
2000,-7.727260547339229
2001,-6.973383545284279
2002,-14.469655741094288
2003,-6.001
2004,-5.412879004973319
2005,-7.52310765812909
2006,-8.278098500712698
2007,-6.001
2008,-6.960384404608546
2009,-6.262801372680929
2010,-6.202143814661367
2011,-4.913869055499269
2012,-8.452067202547312
2013,-5.705520355927552
2014,-7.958525322827542
2015,-14.873898395896907
2016,-6.91184503562708
2017,-15.963281602292797
2018,-7.153987913252309
2019,-6.16447835051837
2020,-6.579898957828141
2021,-6.0
2022,-7.340558669005773
2023,-7.933404034538701
2024,-8.026574280517949
2025,-7.908007042635171
2026,-7.356913267242091
2027,-6.888292112638613
2028,-6.001
2029,-8.063334747121079
2030,-7.686750485971615
2031,-5.865926650894895
2032,-6.655421905968969
2033,-8.922969529464503
2034,-7.18867561042821
2035,-6.17560380270806
2036,-6.887781845808325
2037,-13.847921117330511
2038,-6.001
2039,-6.586078733852208
2040,-7.787122867371618
2041,-6.001
2042,-7.159167306461233
2043,-6.114882149741605
2044,-6.001
2045,-6.152219663408072
2046,-7.534438445362681
2047,-6.001
2048,-5.988445374958185
2049,-8.720961179361957
2050,-6.511292944429386
2051,-9.417548937311723
2052,-8.201819030189633
2053,-6.589143649184387
2054,-7.843559559549934
2055,-7.621152149589911
2056,-7.892854161289091
2057,-7.848098562440307
2058,-9.186973105294793
2059,-4.111439613581788
2060,-7.604672183074951
2061,-6.309726862868793
2062,-18.149033826892143
2063,-7.920621708721747
2064,-7.388320933764049
2065,-7.764128922410953
2066,-7.998375288868016
2067,-5.7464364935161765
2068,-6.069159856218735
2069,-7.454792847314989
2070,-6.680040340519692
2071,-7.651726947158617
2072,-7.509279255785538
2073,-6.317811671697087
2074,-7.431372018555172
2075,-7.677567423922761
2076,-6.001
2077,-16.95966069028203
2078,-7.296786213796312
2079,-6.177773780452137
2080,-7.555099980755174
2081,-6.084998818517665
2082,-6.001
2083,-7.29702497375343
2084,-7.420175004027952
2085,-8.008432720298352
2086,-7.349500289883315
2087,-7.380294675448116
2088,-8.98903000420395
2089,-7.025625836464698
2090,-7.4358774872522115
2091,-3.8503360934684894
2092,-10.730020011973789
2093,-5.983741167135418
2094,-6.001
2095,-7.986393465522984
2096,-7.792464902694195
2097,-7.776557260842209
2098,-7.207581752802601
2099,-6.930057030323028
2100,-5.856066393463544
2101,-6.937780905395228
2102,-14.097397826250036
2103,-7.863625909400097
2104,-18.48135108829678
2105,-7.810531126329867
2106,-7.585282201374589
2107,-7.172733249552382
2108,-6.984731908781367
2109,-7.87011688559855
2110,-7.7768267863117035
2111,-7.481465605592865
2112,-7.088546957855849
2113,-7.301140595388819
2114,-8.13038811346056
2115,-7.860427334298288
2116,-6.783743872654497
2117,-4.004191156693678
2118,-7.638969556935864
2119,-7.306514584333793
2120,-6.928636448974185
2121,-7.203534591348705
2122,-8.188843630555215
2123,-17.65587923445664
2124,-6.001
2125,-6.6927854653782415
2126,-7.744142766003214
2127,-7.373875525314539
2128,-7.681371174040386
2129,-6.401860432643571
2130,-7.245176305388448
2131,-7.265091088248468
2132,-7.9188225775012215
2133,-8.21638540971333
2134,-6.6562782375255125
2135,-19.626644496390725
2136,-6.63581509103515
2137,-6.001
2138,-7.353528050553277
2139,-6.941695961353744
2140,-7.0055800732937135
2141,-7.874552361331178
2142,-8.509551008638333
2143,-6.306041260707904
2144,-7.636133657128999
2145,-7.081636207165189
2146,-6.81639466734735
2147,-8.46953624864462
2148,-7.391401700688689
2149,-6.548858989951971
2150,-7.272023153188293
2151,-7.535968488537907
2152,-7.439400785482169
2153,-8.918591037581788
2154,-4.507788237721495
2155,-7.444185058514666
2156,-4.753374427158861
2157,-7.599814396519044
2158,-7.0444070939614845
2159,-7.330743767816283
2160,-15.173549718751952
2161,-7.754155680489255
2162,-7.6245630859836915
2163,-6.830582379871773
2164,-15.094401584597259
2165,-8.648902540328297
2166,-7.833578171133157
